Date,Price,Open,High,Low,Volume,Chg%
"May 12, 2020",75.062,75.945,75.962,75.049,4.05K,-1.09%
"May 11, 2020",75.888,75.535,75.925,75.45,5.78K,0.47%
"May 08, 2020",75.535,75.588,75.645,75.262,3.32K,-0.34%
"May 07, 2020",75.794,76.1,76.145,75.773,0.48K,-0.41%
"May 6, 2020",76.105,75.805,76.108,75.63,3.51K,0.52%
"May 5, 2020",75.71,75.64,75.868,75.471,3.75K,0.09%
"May 4, 2020",75.64,75.75,75.815,75.574,3.44K,-0.14%
"May 1, 2020",75.749,75.319,75.804,75.293,0.54K,0.89%
"Apr 30, 2020",75.08,75.404,75.429,74.909,3.69K,-0.50%
"Apr 29, 2020",75.455,76.07,76.109,75.455,3.28K,-0.80%
"Apr 28, 2020",76.065,76.124,76.449,75.813,2.52K,-0.22%
"Apr 27, 2020",76.229,76.27,76.353,76.019,2.45K,-0.05%
"Apr 24, 2020",76.27,75.962,76.481,75.817,2.77K,0.49%
"Apr 23, 2020",75.895,76.465,76.465,75.824,2.86K,-0.67%
"Apr 22, 2020",76.41,76.93,77.01,76.41,0.83K,-0.73%
"Apr 21, 2020",76.975,76.59,77.004,76.583,0.93K,0.52%
"Apr 20, 2020",76.575,76.55,76.68,76.301,0.83K,0.03%
"Apr 17, 2020",76.55,76.821,76.821,76.242,2.48K,-0.33%
"Apr 16, 2020",76.805,76.625,76.914,76.55,2.43K,0.32%
"Apr 15, 2020",76.563,76.036,76.654,75.934,2.78K,0.72%
"Apr 14, 2020",76.015,76.318,76.378,76.015,0.32K,-0.31%
"Apr 13, 2020",76.249,75.879,76.457,75.879,1.96K,0.49%
"Apr 10, 2020",75.879,75.895,75.935,75.845,0.08K,-0.55%
"Apr 09, 2020",76.3,76.1,76.555,76.016,2.32K,0.47%
"Apr 08, 2020",75.945,75.625,76.41,75.625,1.77K,0.40%
"Apr 07, 2020",75.645,75.965,75.993,75.521,1.99K,-0.43%
"Apr 6, 2020",75.975,76.24,76.256,75.89,0.10K,-0.35%
"Apr 3, 2020",76.241,75.965,76.314,75.783,2.65K,-0.21%
"Apr 2, 2020",76.4,76.386,76.43,76.345,0.08K,-0.01%
"Apr 1, 2020",76.404,75.32,76.422,75.32,0.05K,1.41%
"Mar 31, 2020",75.343,75.535,75.68,75.28,2.06K,-0.09%
"Mar 30, 2020",75.41,75.145,75.675,75.096,1.86K,-0.08%
"Mar 27, 2020",75.472,74.625,75.533,74.365,0.36K,0.78%
"Mar 26, 2020",74.89,75.885,75.965,74.89,2.33K,-1.95%
"Mar 25, 2020",76.375,76.375,76.375,76.375,0,0.00%
"Mar 24, 2020",76.379,76.09,76.385,75.946,2.04K,0.06%
"Mar 23, 2020",76.335,75.37,76.335,75.37,2.39K,1.24%
"Mar 20, 2020",75.398,74.825,75.398,74.71,4.98K,0.82%
"Mar 19, 2020",74.786,74.875,75.312,74.668,4.71K,0.32%
"Mar 18, 2020",74.55,73.974,74.55,73.924,5.63K,0.66%
"Mar 17, 2020",74.062,74.073,74.315,73.858,5.21K,0.08%
"Mar 16, 2020",74.003,74.006,74.359,73.999,4.32K,0.22%
"Mar 13, 2020",73.84,74.561,74.561,73.732,5.26K,-0.99%
"Mar 12, 2020",74.576,74.134,74.579,74.074,5.86K,1.21%
"Mar 11, 2020",73.682,73.792,74.015,73.532,6.53K,-0.63%
"Mar 10, 2020",74.15,74.248,74.248,74.15,0.01K,-0.06%
"Mar 09, 2020",74.195,73.975,74.254,73.85,6.07K,0.26%
"Mar 06, 2020",74.004,73.873,74.073,73.529,1.47K,0.68%
"Mar 5, 2020",73.507,73.517,73.564,73.044,1.92K,-0.04%
"Mar 4, 2020",73.54,73.06,73.64,72.91,7.57K,0.67%
"Mar 3, 2020",73.05,72.48,73.397,72.44,6.74K,0.23%
"Mar 2, 2020",72.882,72.52,72.954,72.028,6.08K,0.47%
"Feb 28, 2020",72.539,71.755,72.574,71.755,6.59K,1.23%
"Feb 27, 2020",71.655,71.645,71.704,71.545,5.35K,0.10%
"Feb 26, 2020",71.58,71.833,71.873,71.532,5.63K,-0.33%
"Feb 25, 2020",71.82,71.87,71.92,71.611,4.83K,-0.16%
"Feb 24, 2020",71.935,71.915,72.015,71.775,4.46K,0.08%
"Feb 21, 2020",71.88,71.665,72.056,71.665,0.16K,0.28%
"Feb 20, 2020",71.68,71.735,71.82,71.53,4.76K,0.11%
"Feb 19, 2020",71.6,71.573,71.6,71.452,0.29K,0.02%
"Feb 18, 2020",71.585,71.415,71.611,71.375,4.96K,0.34%
"Feb 17, 2020",71.34,71.43,71.507,71.26,5.36K,-0.26%
"Feb 14, 2020",71.528,71.294,71.597,71.272,6.80K,0.28%
"Feb 13, 2020",71.33,71.36,71.511,71.254,4.53K,0.03%
"Feb 12, 2020",71.306,71.212,71.391,71.212,5.72K,0.03%
"Feb 11, 2020",71.285,71.235,71.33,71.179,6.17K,-0.01%
"Feb 10, 2020",71.29,71.4,71.457,71.285,8.31K,-0.31%
"Feb 07, 2020",71.515,71.26,71.538,71.213,6.21K,0.41%
"Feb 6, 2020",71.225,71.181,71.3,71.106,6.37K,0.05%
"Feb 5, 2020",71.19,71.11,71.3,71.11,4.24K,0.11%
"Feb 4, 2020",71.115,71.215,71.297,71.09,6.65K,-0.29%
"Feb 3, 2020",71.324,71.523,71.653,71.268,7.48K,-0.32%
"Jan 31, 2020",71.555,71.575,71.578,71.294,8.25K,0.01%
"Jan 30, 2020",71.55,71.42,71.66,71.39,3.41K,0.34%
"Jan 29, 2020",71.31,71.24,71.411,71.165,7.10K,0.15%
"Jan 28, 2020",71.2,71.432,71.432,71.2,6.62K,-0.35%
"Jan 27, 2020",71.45,71.475,71.52,71.373,5.00K,0.17%
"Jan 24, 2020",71.33,71.34,71.371,71.22,3.39K,-0.10%
"Jan 23, 2020",71.4,71.19,71.465,71.169,6.19K,0.45%
"Jan 22, 2020",71.08,71.18,71.265,71.076,5.63K,-0.13%
"Jan 21, 2020",71.17,71.19,71.25,71.121,3.97K,0.18%
"Jan 20, 2020",71.04,71.07,71.16,71.01,5.07K,-0.05%
"Jan 17, 2020",71.079,70.953,71.099,70.933,6.69K,0.14%
"Jan 16, 2020",70.978,70.775,71.007,70.775,6.30K,0.36%
"Jan 15, 2020",70.72,71,71.023,70.682,5.32K,-0.18%
"Jan 14, 2020",70.85,70.72,70.975,70.72,6.81K,0.20%
"Jan 13, 2020",70.71,70.805,70.945,70.71,6.16K,-0.35%
"Jan 10, 2020",70.96,71.24,71.26,70.848,7.39K,-0.35%
"Jan 09, 2020",71.21,71.51,71.544,71.134,7.00K,-0.42%
"Jan 08, 2020",71.51,71.954,72.114,71.466,7.40K,-0.47%
"Jan 07, 2020",71.845,71.765,71.923,71.67,6.69K,-0.03%
"Jan 6, 2020",71.867,72.011,72.123,71.834,7.44K,0.14%
"Jan 3, 2020",71.77,71.61,71.844,71.52,7.49K,0.59%
"Jan 2, 2020",71.35,71.235,71.408,71.235,4.63K,0.17%
"Jan 1, 2020",71.228,71.365,71.377,71.225,1.16K,-0.18%
"Dec 31, 2019",71.355,71.275,71.385,71.225,3.44K,0.05%
"Dec 30, 2019",71.32,71.34,71.427,71.29,6.60K,-0.19%
"Dec 27, 2019",71.455,71.305,71.505,71.185,4.64K,0.22%
"Dec 26, 2019",71.3,71.26,71.353,71.23,3.37K,0.03%
"Dec 25, 2019",71.28,71.28,71.28,71.28,0,0.00%
"Dec 24, 2019",71.28,71.21,71.317,71.153,4.82K,0.08%
"Dec 23, 2019",71.22,71.113,71.3,71.11,6.21K,0.23%
"Dec 20, 2019",71.06,71.13,71.256,71.045,8.57K,-0.17%
"Dec 19, 2019",71.18,70.993,71.214,70.88,6.89K,0.25%
"Dec 18, 2019",71,71.01,71.125,70.924,6.95K,-0.05%
"Dec 17, 2019",71.035,70.955,71.065,70.832,6.49K,0.17%
"Dec 16, 2019",70.915,70.755,71.05,70.755,6.89K,0.17%
"Dec 13, 2019",70.798,70.553,70.883,70.503,4.91K,0.32%
"Dec 12, 2019",70.57,70.67,70.91,70.531,5.39K,-0.20%
"Dec 11, 2019",70.71,70.823,70.942,70.71,8.39K,-0.14%
"Dec 10, 2019",70.81,70.962,71.043,70.808,4.77K,-0.23%
"Dec 09, 2019",70.97,71.3,71.3,70.97,4.37K,-0.44%
"Dec 06, 2019",71.283,71.245,71.446,71.174,2.02K,0.04%
"Dec 5, 2019",71.252,71.505,71.677,71.18,2.29K,-0.31%
"Dec 4, 2019",71.474,71.803,71.823,71.452,1.74K,-0.37%
"Dec 3, 2019",71.74,71.63,71.816,71.532,1.75K,0.15%
"Dec 2, 2019",71.634,71.795,71.825,71.603,1.60K,-0.16%
"Nov 29, 2019",71.749,71.613,71.872,71.603,1.66K,0.34%
"Nov 28, 2019",71.505,71.245,71.665,71.235,1.47K,0.34%
"Nov 27, 2019",71.26,71.45,71.493,71.233,1.70K,-0.31%
"Nov 26, 2019",71.48,71.684,71.69,71.48,1.85K,-0.29%
"Nov 25, 2019",71.689,71.695,71.763,71.61,3.84K,-0.14%
"Nov 22, 2019",71.792,71.756,71.876,71.662,4.65K,0.06%
"Nov 21, 2019",71.75,71.79,71.905,71.717,4.63K,0.01%
"Nov 20, 2019",71.746,71.833,71.916,71.643,5.37K,-0.12%
"Nov 19, 2019",71.83,71.92,72.015,71.605,6.86K,-0.16%
"Nov 18, 2019",71.945,71.665,71.945,71.565,4.84K,0.41%
"Nov 15, 2019",71.65,71.8,71.878,71.594,4.80K,-0.44%
"Nov 14, 2019",71.966,72.082,72.252,71.857,7.14K,-0.26%
"Nov 13, 2019",72.15,71.76,72.15,71.657,5.86K,0.50%
"Nov 12, 2019",71.79,71.582,71.79,71.544,0.23K,0.31%
"Nov 11, 2019",71.57,71.37,71.61,71.29,5.84K,0.29%
"Nov 08, 2019",71.36,71.28,71.364,71.165,4.29K,0.44%
"Nov 07, 2019",71.047,71.018,71.118,70.886,4.17K,0.05%
"Nov 6, 2019",71.01,70.769,71.036,70.769,4.79K,0.33%
"Nov 5, 2019",70.775,70.804,70.855,70.625,4.46K,-0.02%
"Nov 4, 2019",70.789,70.552,70.802,70.552,4.11K,0.04%
"Nov 1, 2019",70.76,70.972,70.99,70.76,4.05K,-0.31%
"Oct 31, 2019",70.98,70.762,71.065,70.724,4.66K,0.04%
"Oct 30, 2019",70.953,70.871,71.026,70.84,3.82K,0.09%
"Oct 29, 2019",70.89,70.75,70.92,70.69,4.45K,0.20%
"Oct 28, 2019",70.745,70.822,70.842,70.684,0.30K,-0.11%
"Oct 25, 2019",70.82,71.045,71.073,70.782,4.24K,-0.20%
"Oct 24, 2019",70.965,70.715,71.085,70.715,4.94K,0.34%
"Oct 23, 2019",70.725,71.005,71.033,70.725,3.78K,-0.12%
"Oct 22, 2019",70.809,70.912,71.007,70.809,4.77K,-0.16%
"Oct 21, 2019",70.925,71.075,71.075,70.778,0.30K,-0.23%
"Oct 18, 2019",71.09,71.2,71.32,71.04,1.82K,-0.06%
"Oct 17, 2019",71.13,71.362,71.475,71.096,2.07K,-0.33%
"Oct 16, 2019",71.364,71.562,71.733,71.348,6.22K,-0.19%
"Oct 15, 2019",71.5,71.248,71.605,71.22,5.15K,0.37%
"Oct 14, 2019",71.237,70.894,71.249,70.74,4.68K,0.44%
"Oct 11, 2019",70.924,70.816,71.091,70.799,2.98K,-0.09%
"Oct 10, 2019",70.99,70.96,71.165,70.96,4.66K,-0.18%
"Oct 09, 2019",71.12,71.18,71.23,70.945,4.49K,-0.14%
"Oct 08, 2019",71.22,70.996,71.233,70.933,0.28K,0.35%
"Oct 07, 2019",70.975,70.959,71.106,70.913,4.33K,0.21%
"Oct 4, 2019",70.825,70.81,71.04,70.765,5.31K,-0.29%
"Oct 3, 2019",71.03,71.21,71.37,70.865,5.21K,-0.17%
"Oct 2, 2019",71.15,71.117,71.368,71.1,0.09K,0.06%
"Oct 1, 2019",71.11,70.655,71.17,70.655,4.86K,0.66%
"Sep 30, 2019",70.645,70.425,70.885,70.358,1.75K,0.19%
"Sep 27, 2019",70.509,70.951,70.98,70.364,4.94K,-0.64%
"Sep 26, 2019",70.964,71.035,71.036,70.837,5.94K,-0.03%
"Sep 25, 2019",70.988,70.976,71.154,70.947,4.45K,0.02%
"Sep 24, 2019",70.971,70.796,71.066,70.736,6.21K,0.24%
"Sep 23, 2019",70.799,71.023,71.053,70.779,5.54K,-0.39%
"Sep 20, 2019",71.075,71.205,71.205,70.685,5.84K,-0.42%
"Sep 19, 2019",71.375,71.345,71.385,71.05,5.48K,0.32%
"Sep 18, 2019",71.145,71.515,71.53,71.145,5.01K,-0.48%
"Sep 17, 2019",71.49,71.827,71.99,71.366,5.18K,-0.13%
"Sep 16, 2019",71.58,71.69,71.69,71.41,5.36K,0.84%
"Sep 13, 2019",70.985,70.972,71.16,70.847,5.33K,0.03%
"Sep 12, 2019",70.967,71.588,71.588,70.917,6.69K,-0.85%
"Sep 11, 2019",71.577,71.877,71.897,71.514,5.05K,-0.41%
"Sep 10, 2019",71.875,71.755,72.002,71.739,0.19K,0.14%
"Sep 09, 2019",71.778,71.728,71.787,71.504,5.03K,0.19%
"Sep 06, 2019",71.645,71.887,71.928,71.605,4.56K,-0.39%
"Sep 5, 2019",71.928,71.986,72.011,71.797,5.65K,-0.08%
"Sep 4, 2019",71.989,72.2,72.315,71.944,7.19K,-0.25%
"Sep 3, 2019",72.17,71.96,72.412,71.96,5.43K,0.28%
"Sep 2, 2019",71.969,71.467,72.003,71.467,0.31K,0.72%
"Aug 30, 2019",71.453,71.772,71.817,71.357,4.97K,-0.33%
"Aug 29, 2019",71.69,71.913,72.1,71.624,6.57K,-0.19%
"Aug 28, 2019",71.829,71.564,71.904,71.492,2.74K,0.40%
"Aug 27, 2019",71.543,72.03,72.03,71.383,3.40K,-0.67%
"Aug 26, 2019",72.025,71.92,72.26,71.863,5.55K,0.72%
"Aug 23, 2019",71.513,71.96,72.061,71.513,0,-0.58%
"Aug 22, 2019",71.93,71.6,72.004,71.6,0,0.69%
"Aug 21, 2019",71.439,71.562,71.623,71.353,0,-0.15%
"Aug 20, 2019",71.549,71.523,71.827,71.523,0,0.14%
"Aug 19, 2019",71.451,71.213,71.5,71.063,0,0.42%
"Aug 16, 2019",71.155,71.365,71.492,71.045,0,-0.91%
"Aug 15, 2019",71.81,71.507,71.829,71.309,0,0.75%
"Aug 14, 2019",71.275,70.995,71.365,70.845,0,-0.20%
"Aug 13, 2019",71.418,71.132,71.493,71.032,0,0.19%
"Aug 12, 2019",71.283,71.014,71.367,70.993,0,0.51%
"Aug 09, 2019",70.924,70.443,70.924,70.443,0,0.72%
"Aug 08, 2019",70.42,71.17,71.17,70.42,0,-1.02%
"Aug 07, 2019",71.145,70.965,71.195,70.604,0,0.15%
"Aug 6, 2019",71.04,70.81,71.04,70.47,0,0.31%
"Aug 5, 2019",70.821,70.117,70.839,70.117,0,1.61%
"Aug 2, 2019",69.7,69.23,69.7,69.21,0,0.99%
"Aug 1, 2019",69.017,69.267,69.267,69.002,0,0.21%
"Jul 31, 2019",68.875,68.853,68.96,68.761,0,0.02%
"Jul 30, 2019",68.862,68.766,68.903,68.663,0,0.16%
"Jul 29, 2019",68.755,68.9,68.965,68.705,0,-0.18%
"Jul 26, 2019",68.88,69.151,69.151,68.816,0,-0.23%
"Jul 25, 2019",69.041,68.992,69.078,68.885,0,0.09%
"Jul 24, 2019",68.98,69.02,69.109,68.921,0,-0.08%
"Jul 23, 2019",69.033,68.944,69.059,68.903,0,0.15%
"Jul 22, 2019",68.93,68.955,69.07,68.88,0,0.10%
"Jul 19, 2019",68.86,68.81,68.955,68.722,0,0.01%
"Jul 18, 2019",68.855,68.773,69.005,68.718,0,0.01%
"Jul 17, 2019",68.846,68.688,68.904,68.64,0,0.29%
"Jul 16, 2019",68.65,68.54,68.77,68.521,0,0.15%
"Jul 15, 2019",68.545,68.535,68.615,68.477,0,-0.02%
"Jul 12, 2019",68.56,68.46,68.695,68.433,0,0.22%
"Jul 11, 2019",68.41,68.414,68.495,68.28,0,-0.01%
"Jul 10, 2019",68.419,68.62,68.695,68.318,0,-0.21%
"Jul 09, 2019",68.565,68.665,68.858,68.513,0,0.00%
"Jul 08, 2019",68.566,68.582,68.767,68.497,0,0.17%
"Jul 05, 2019",68.45,68.539,68.785,68.385,0,-0.11%
"Jul 4, 2019",68.527,68.817,68.914,68.489,0,-0.40%
"Jul 3, 2019",68.8,68.885,68.963,68.795,0,-0.13%
"Jul 2, 2019",68.89,68.924,69.075,68.87,0,0.01%
"Jul 1, 2019",68.885,68.944,69.09,68.83,0,-0.09%
"Jun 28, 2019",68.95,69.048,69.125,68.866,0,-0.20%
"Jun 27, 2019",69.088,69.21,69.353,69.03,0,-0.23%
"Jun 26, 2019",69.245,69.32,69.518,69.11,0,-0.13%
"Jun 25, 2019",69.334,69.266,69.439,69.238,0,0.09%
"Jun 24, 2019",69.273,69.629,69.63,69.264,0,-0.49%
"Jun 21, 2019",69.615,69.755,69.76,69.504,0,0.14%
"Jun 20, 2019",69.52,69.49,69.675,69.334,0,-0.19%
"Jun 19, 2019",69.65,69.55,69.808,69.5,0,0.06%
"Jun 18, 2019",69.61,69.868,69.891,69.609,0,-0.34%
"Jun 17, 2019",69.85,69.81,69.982,69.74,0,0.02%
"Jun 14, 2019",69.833,69.566,69.865,69.53,0,0.44%
"Jun 13, 2019",69.53,69.379,69.58,69.314,0,0.22%
"Jun 12, 2019",69.375,69.414,69.455,69.257,0,-0.01%
"Jun 11, 2019",69.385,69.534,69.534,69.342,0,-0.22%
"Jun 10, 2019",69.535,69.375,69.685,69.375,0,0.26%
"Jun 07, 2019",69.355,69.146,69.551,69.114,0,0.27%
"June 6, 2019",69.165,69.405,69.46,69.165,0,-0.32%
"June 5, 2019",69.385,69.334,69.423,69.178,0,0.14%
"June 4, 2019",69.291,69.068,69.343,69.033,0,0.17%
"June 3, 2019",69.171,69.618,69.622,69.128,0,-0.59%
"May 31, 2019",69.58,69.839,69.927,69.58,0,-0.35%
"May 30, 2019",69.825,69.835,69.935,69.703,0,-0.03%
"May 29, 2019",69.845,69.587,70.003,69.579,0,0.34%
"May 28, 2019",69.61,69.516,69.755,69.516,0,0.15%
"May 27, 2019",69.504,69.412,69.633,69.362,0,0.18%
"May 24, 2019",69.38,69.699,69.811,69.377,0,-0.41%
"May 23, 2019",69.665,69.666,70.065,69.375,0,0.02%
"May 22, 2019",69.65,69.668,69.811,69.614,0,0.01%
"May 21, 2019",69.645,69.817,69.825,69.62,0,0.05%
"May 20, 2019",69.609,69.405,69.778,69.373,0,-0.95%
"May 17, 2019",70.28,70.22,70.288,70.067,0,0.21%
"May 16, 2019",70.13,70.219,70.342,69.966,0,-0.17%
"May 15, 2019",70.249,70.322,70.442,70.174,0,-0.12%
"May 14, 2019",70.332,70.596,70.616,70.252,0,-0.34%
"May 13, 2019",70.57,70.015,70.651,69.984,0,0.79%
"May 10, 2019",70.015,70.091,70.114,69.756,0,-0.26%
"May 09, 2019",70.2,69.719,70.276,69.719,0,0.69%
"May 08, 2019",69.72,69.596,69.751,69.448,0,0.11%
"May 07, 2019",69.645,69.421,69.646,69.285,0,0.38%
"May 6, 2019",69.38,69.31,69.485,69.31,0,0.41%
"May 3, 2019",69.095,69.436,69.441,69.095,0,-0.45%
"May 2, 2019",69.41,69.62,69.634,69.32,0,-0.19%
"May 1, 2019",69.545,69.601,69.603,69.466,0,-0.15%
"Apr 30, 2019",69.647,69.831,69.913,69.536,0,-0.24%
"Apr 29, 2019",69.817,69.879,69.895,69.797,0,-0.05%
"Apr 26, 2019",69.85,70.173,70.247,69.81,0,-0.46%
"Apr 25, 2019",70.17,70.01,70.335,69.92,0,0.30%
"Apr 24, 2019",69.96,69.779,70,69.762,0,0.27%
"Apr 23, 2019",69.77,69.63,69.84,69.54,0,0.10%
"Apr 22, 2019",69.7,69.366,69.906,69.366,0,0.42%
"Apr 19, 2019",69.407,69.416,69.429,69.355,0,0.02%
"Apr 18, 2019",69.395,69.417,69.619,69.33,0,-0.05%
"Apr 17, 2019",69.431,69.547,69.57,69.362,0,-0.14%
"Apr 16, 2019",69.53,69.422,69.69,69.422,0,0.19%
"Apr 15, 2019",69.395,69.174,69.483,69.045,0,0.30%
"Apr 12, 2019",69.19,69.03,69.39,69.03,0,0.25%
"Apr 11, 2019",69.02,69.164,69.222,68.837,0,-0.19%
"Apr 10, 2019",69.15,69.258,69.366,69.09,0,-0.19%
"Apr 09, 2019",69.28,69.538,69.74,69.248,0,-0.40%
"Apr 08, 2019",69.555,69.335,69.72,69.335,0,0.56%
"Apr 05, 2019",69.17,68.992,69.338,68.986,0,0.28%
"Apr 4, 2019",68.98,68.54,69.22,68.52,0,0.77%
"Apr 3, 2019",68.45,68.73,68.835,68.39,0,-0.68%
"Apr 2, 2019",68.92,69.28,69.39,68.72,0,-0.41%
"Apr 1, 2019",69.205,69.356,69.424,69.185,0,0.03%
"Mar 29, 2019",69.185,69.178,69.32,69.042,0,-0.01%
"Mar 28, 2019",69.19,69.124,69.38,68.95,0,0.13%
"Mar 27, 2019",69.1,69.039,69.187,68.78,0,0.15%
"Mar 26, 2019",68.996,68.931,69.017,68.779,0,0.15%
"Mar 25, 2019",68.89,69.159,69.176,68.795,0,-0.40%
"Mar 22, 2019",69.17,68.65,69.17,68.54,0,0.52%
"Mar 21, 2019",68.81,68.565,68.81,68.51,0,0.03%
"Mar 20, 2019",68.79,69.027,69.176,68.731,0,-0.33%
"Mar 19, 2019",69.015,68.619,69.067,68.35,0,0.57%
"Mar 18, 2019",68.625,68.959,68.959,68.431,0,-0.49%
"Mar 15, 2019",68.963,69.357,69.372,68.935,0,-0.58%
"Mar 14, 2019",69.365,69.525,69.755,69.255,0,-0.24%
"Mar 13, 2019",69.529,69.607,69.794,69.419,0,-0.14%
"Mar 12, 2019",69.625,69.821,69.821,69.491,0,-0.32%
"Mar 11, 2019",69.85,70.028,70.041,69.808,0,-0.23%
"Mar 08, 2019",70.012,70.111,70.245,69.827,0,-0.15%
"Mar 07, 2019",70.116,70.151,70.152,69.95,0,0.05%
"Mar 6, 2019",70.08,70.479,70.692,70.022,0,-0.58%
"Mar 5, 2019",70.49,70.963,70.975,70.448,0,-0.59%
"Mar 4, 2019",70.91,70.815,70.923,70.8,0,-0.13%
"Mar 1, 2019",71,70.811,71,70.715,0,0.23%
"Feb 28, 2019",70.84,71.231,71.271,70.713,0,-0.51%
"Feb 27, 2019",71.2,71.01,71.491,70.929,0,0.34%
"Feb 26, 2019",70.96,70.829,71.346,70.809,0,0.18%
"Feb 25, 2019",70.834,71.034,71.102,70.827,0,-0.28%
"Feb 22, 2019",71.035,71.195,71.265,71.035,0,-0.18%
"Feb 21, 2019",71.165,71.061,71.28,70.925,0,0.22%
"Feb 20, 2019",71.01,71.32,71.344,70.933,0,-0.41%
"Feb 19, 2019",71.3,71.351,71.602,71.251,0,-0.12%
"Feb 18, 2019",71.387,71.335,71.537,71.326,0,0.08%
"Feb 15, 2019",71.33,71.028,71.464,71.028,0,0.44%
"Feb 14, 2019",71.02,70.869,71.233,70.8,0,0.20%
"Feb 13, 2019",70.875,70.541,70.88,70.397,0,0.48%
"Feb 12, 2019",70.535,71.254,71.254,70.515,0,-0.85%
"Feb 11, 2019",71.14,71.24,71.301,71.038,0,-0.05%
"Feb 08, 2019",71.175,71.395,71.434,71.015,0,-0.18%
"Feb 07, 2019",71.3,71.639,71.769,71.271,0,-0.35%
"Feb 6, 2019",71.55,71.52,71.683,71.492,0,0.03%
"Feb 5, 2019",71.53,71.714,71.812,71.528,0,-0.25%
"Feb 4, 2019",71.71,71.469,71.845,71.462,0,0.38%
"Feb 1, 2019",71.435,71.115,71.485,70.952,0,0.67%
"Jan 31, 2019",70.96,70.959,71.215,70.865,0,-0.39%
"Jan 30, 2019",71.235,71.423,71.423,71.123,0,-0.22%
"Jan 29, 2019",71.39,71.085,71.461,71.026,0,0.45%
"Jan 28, 2019",71.07,70.92,71.196,70.915,0,0.24%
"Jan 25, 2019",70.9,71.04,71.25,70.89,0,-0.14%
"Jan 24, 2019",71,71.147,71.315,70.955,0,-0.27%
"Jan 23, 2019",71.19,71.24,71.37,71.115,0,-0.10%
"Jan 22, 2019",71.26,71.197,71.466,71.165,0,0.10%
"Jan 21, 2019",71.188,71.205,71.538,71.14,0,-0.03%
"Jan 18, 2019",71.21,71.04,71.274,70.987,0,0.23%
"Jan 17, 2019",71.05,71.146,71.416,70.972,0,0.10%
"Jan 16, 2019",70.98,71.11,71.265,70.934,0,-0.17%
"Jan 15, 2019",71.1,70.75,71.156,70.723,0,0.48%
"Jan 14, 2019",70.76,70.4,70.95,70.36,0,0.51%
"Jan 11, 2019",70.399,70.43,70.601,70.357,0,-0.03%
"Jan 10, 2019",70.42,70.53,70.655,70.318,0,-0.20%
"Jan 09, 2019",70.56,70.11,70.648,70.05,0,0.60%
"Jan 08, 2019",70.14,69.806,70.24,69.765,0,0.48%
"Jan 07, 2019",69.803,69.532,69.953,69.255,0,0.36%
"Jan 4, 2019",69.55,70.115,70.145,69.55,0,-0.80%
"Jan 3, 2019",70.11,70.3,70.531,70.034,0,0.16%
"Jan 2, 2019",70,69.469,70.255,69.469,0,0.79%
"Jan 1, 2019",69.453,69.635,69.745,69.435,0,-0.17%
"Dec 31, 2018",69.57,69.783,69.946,69.57,0,-0.52%
"Dec 28, 2018",69.933,70.151,70.151,69.885,0,-0.61%
"Dec 27, 2018",70.361,70.088,70.404,70.088,0,0.42%
"Dec 26, 2018",70.07,70.065,70.17,69.755,0,0.03%
"Dec 25, 2018",70.05,70.05,70.05,70.05,0,-0.08%
"Dec 24, 2018",70.105,70.151,70.296,69.873,0,-0.05%
"Dec 21, 2018",70.14,70.003,70.32,69.75,0,0.23%
"Dec 20, 2018",69.98,70.697,70.716,69.655,0,-0.43%
"Dec 19, 2018",70.279,70.357,70.482,69.862,0,-0.48%
"Dec 18, 2018",70.62,71.34,71.361,70.421,0,-1.38%
"Dec 17, 2018",71.61,71.9,71.9,71.496,0,-0.43%
"Dec 14, 2018",71.92,71.55,72.043,71.55,0,0.55%
"Dec 13, 2018",71.53,71.858,71.858,71.456,0,-0.43%
"Dec 12, 2018",71.84,72.283,72.283,71.769,0,-0.62%
"Dec 11, 2018",72.291,72.506,72.506,71.691,0,-0.32%
"Dec 10, 2018",72.52,71.36,72.637,71.24,0,2.34%
"Dec 07, 2018",70.86,70.57,70.86,70.453,0,0.01%
"Dec 6, 2018",70.85,70.81,71.15,70.745,0,0.41%
"Dec 5, 2018",70.56,70.71,70.75,70.39,0,0.04%
"Dec 4, 2018",70.53,70.5,70.69,70.33,0,0.13%
"Dec 3, 2018",70.44,69.88,70.47,69.88,0,1.13%
"Nov 30, 2018",69.65,69.695,69.915,69.57,0,-0.19%
"Nov 29, 2018",69.78,70.11,70.145,69.78,0,-1.22%
"Nov 28, 2018",70.64,70.9,70.9,70.58,0,-0.20%
"Nov 27, 2018",70.785,70.815,71.03,70.71,0,-0.05%
"Nov 26, 2018",70.82,70.495,70.905,70.31,0,0.23%
"Nov 23, 2018",70.655,70.675,70.675,70.655,0,-0.05%
"Nov 22, 2018",70.69,71.135,71.195,70.675,0,-0.86%
"Nov 21, 2018",71.305,71.415,71.415,71.305,0,-0.17%
"Nov 20, 2018",71.43,71.37,71.523,71.287,0,-0.25%
"Nov 19, 2018",71.61,71.925,72.082,71.55,0,-0.51%
"Nov 16, 2018",71.98,71.995,71.995,71.715,0,0.09%
"Nov 15, 2018",71.915,72.035,72.185,71.87,0,-0.55%
"Nov 14, 2018",72.31,72.175,72.405,72.005,0,-0.42%
"Nov 13, 2018",72.615,72.795,72.81,72.515,0,-0.34%
"Nov 12, 2018",72.86,72.735,73.067,72.735,0,0.52%
"Nov 09, 2018",72.48,72.68,72.828,72.415,0,0.14%
"Nov 08, 2018",72.38,72.46,72.46,72.38,0,-0.10%
"Nov 07, 2018",72.45,72.95,72.95,72.45,0,-0.69%
"Nov 6, 2018",72.955,72.945,73.075,72.905,0,-0.17%
"Nov 5, 2018",73.08,72.807,73.135,72.757,0,0.88%
"Nov 2, 2018",72.44,73.125,73.215,72.43,0,-1.38%
"Nov 1, 2018",73.455,73.855,73.873,73.455,0,-0.68%
"Oct 31, 2018",73.96,73.92,74.14,73.8,0,0.38%
"Oct 30, 2018",73.68,73.56,73.705,73.52,0,0.38%
"Oct 29, 2018",73.4,73.355,73.525,73.322,0,-0.08%
"Oct 26, 2018",73.46,73.43,73.472,73.27,0,0.31%
"Oct 25, 2018",73.23,73.35,73.38,73.165,0,0.00%
"Oct 24, 2018",73.23,73.16,73.343,73.1,0,-0.44%
"Oct 23, 2018",73.55,73.71,73.833,73.51,0,-0.01%
"Oct 22, 2018",73.56,73.305,73.565,73.192,0,0.25%
"Oct 19, 2018",73.375,73.605,73.655,73.295,0,-0.21%
"Oct 18, 2018",73.53,73.59,73.615,73.485,0,-0.10%
"Oct 17, 2018",73.6,73.42,73.67,73.373,0,0.18%
"Oct 16, 2018",73.465,73.81,73.96,73.465,0,-0.41%
"Oct 15, 2018",73.77,73.803,74.07,73.77,0,0.22%
"Oct 12, 2018",73.61,73.83,73.86,73.53,0,-0.59%
"Oct 11, 2018",74.05,74.38,74.49,74.005,0,-0.27%
"Oct 10, 2018",74.25,74.16,74.293,74.06,0,-0.12%
"Oct 09, 2018",74.34,73.91,74.405,73.88,0,0.37%
"Oct 08, 2018",74.065,73.87,74.1,73.765,0,0.40%
"Oct 05, 2018",73.77,73.62,74.25,73.425,0,0.19%
"Oct 4, 2018",73.63,73.71,73.825,73.5,0,0.39%
"Oct 3, 2018",73.345,73.265,73.43,72.92,0,0.58%
"Oct 2, 2018",72.925,72.925,72.925,72.925,0,0.00%
"Oct 1, 2018",72.925,72.605,72.945,72.605,0,0.57%
"Sep 28, 2018",72.51,72.57,72.67,72.405,0,-0.08%
"Sep 27, 2018",72.57,72.43,72.77,72.39,0,-0.04%
"Sep 26, 2018",72.6,72.71,72.755,72.537,0,-0.12%
"Sep 25, 2018",72.685,72.905,72.96,72.575,0,0.02%
"Sep 24, 2018",72.67,72.48,72.74,72.34,0,0.60%
"Sep 21, 2018",72.24,71.86,72.48,71.76,0,0.31%
"Sep 20, 2018",72.015,72.345,72.345,72.015,0,-0.48%
"Sep 19, 2018",72.36,72.72,72.875,72.345,0,-0.48%
"Sep 18, 2018",72.71,72.56,72.99,72.36,0,0.23%
"Sep 17, 2018",72.54,72.53,72.695,72.315,0,0.92%
"Sep 14, 2018",71.88,71.7,71.995,71.535,0,-0.22%
"Sep 13, 2018",72.037,72.037,72.037,72.037,0,-0.17%
"Sep 12, 2018",72.16,72.843,72.92,71.925,0,-0.66%
"Sep 11, 2018",72.64,72.31,72.75,72.25,0,0.26%
"Sep 10, 2018",72.455,72.135,72.68,72.075,0,0.93%
"Sep 07, 2018",71.79,71.96,72.045,71.665,0,-0.22%
"Sep 6, 2018",71.95,71.63,72.105,71.63,0,0.27%
"Sep 5, 2018",71.755,71.405,71.955,71.375,0,0.24%
"Sep 4, 2018",71.585,71.285,71.585,71.095,0,0.52%
"Sep 3, 2018",71.215,70.79,71.22,70.725,0,0.30%
"Aug 31, 2018",71.005,70.955,71.025,70.855,0,0.37%
"Aug 30, 2018",70.745,70.635,70.875,70.595,0,0.30%
"Aug 29, 2018",70.535,70.325,70.635,70.24,0,0.62%
"Aug 28, 2018",70.1,70.05,70.297,70.05,0,-0.09%
"Aug 27, 2018",70.165,69.765,70.165,69.705,0,0.28%
"Aug 24, 2018",69.97,70.22,70.24,69.898,0,-0.19%
"Aug 23, 2018",70.105,70.015,70.17,69.968,0,0.34%
"Aug 22, 2018",69.87,69.88,69.895,69.8,0,0.01%
"Aug 21, 2018",69.86,69.665,69.92,69.535,0,0.06%
"Aug 20, 2018",69.82,69.82,69.88,69.6,0,-0.40%
"Aug 17, 2018",70.1,70.13,70.16,70.08,0,0.01%
"Aug 16, 2018",70.09,70.23,70.42,70.09,0,0.24%
"Aug 15, 2018",69.92,69.92,69.92,69.92,0,-0.06%
"Aug 14, 2018",69.96,69.86,70.09,69.7,0,-0.09%
"Aug 13, 2018",70.02,69.485,70.02,69.405,0,1.64%
"Aug 10, 2018",68.89,68.845,69.025,68.767,0,0.19%
"Aug 09, 2018",68.76,68.48,68.76,68.46,0,0.15%
"Aug 08, 2018",68.66,68.678,68.715,68.58,0,0.04%
"Aug 07, 2018",68.63,68.82,68.94,68.63,0,-0.29%
"Aug 6, 2018",68.83,68.58,68.9,68.545,0,0.42%
"Aug 3, 2018",68.545,68.695,68.845,68.545,0,-0.12%
"Aug 2, 2018",68.625,68.375,68.735,68.265,0,0.40%
"Aug 1, 2018",68.35,68.56,68.632,68.35,0,-0.16%
"Jul 31, 2018",68.46,68.71,68.71,68.45,0,-0.21%
"Jul 30, 2018",68.605,68.705,68.792,68.605,0,0.00%
"Jul 27, 2018",68.605,68.655,68.755,68.535,0,-0.08%
"Jul 26, 2018",68.66,68.705,68.76,68.618,0,-0.10%
"Jul 25, 2018",68.73,68.965,68.98,68.67,0,-0.31%
"Jul 24, 2018",68.947,68.97,69.088,68.845,0,0.15%
"Jul 23, 2018",68.845,68.705,68.865,68.645,0,0.15%
"Jul 20, 2018",68.74,69.025,69.132,68.74,0,-0.41%
"Jul 19, 2018",69.02,68.72,69.11,68.7,0,0.58%
"Jul 18, 2018",68.625,68.425,68.645,68.385,0,0.28%
"Jul 17, 2018",68.43,68.36,68.475,68.28,0,-0.18%
"Jul 16, 2018",68.55,68.56,68.72,68.51,0,0.07%
"Jul 13, 2018",68.5,68.52,68.562,68.335,0,-0.03%
"Jul 12, 2018",68.52,68.765,68.765,68.49,0,-0.31%
"Jul 11, 2018",68.73,68.825,68.895,68.71,0,-0.04%
"Jul 10, 2018",68.755,68.665,68.865,68.655,0,0.14%
"Jul 09, 2018",68.66,68.57,68.79,68.57,0,-0.21%
"Jul 06, 2018",68.805,68.885,69.03,68.805,0,-0.11%
"Jul 5, 2018",68.88,68.81,69.01,68.695,0,0.28%
"Jul 4, 2018",68.69,68.525,68.777,68.445,0,0.20%
"Jul 3, 2018",68.55,68.935,68.965,68.525,0,-0.25%
"Jul 2, 2018",68.72,68.495,68.825,68.34,0,0.38%
"Jun 29, 2018",68.46,68.7,68.7,68.36,0,-0.55%
"Jun 28, 2018",68.84,68.9,69.1,68.725,0,0.29%
"Jun 27, 2018",68.64,68.43,68.71,68.425,0,0.39%
"Jun 26, 2018",68.37,68.14,68.37,68.08,0,0.37%
"Jun 25, 2018",68.115,67.905,68.173,67.905,0,0.36%
"Jun 22, 2018",67.87,67.84,67.89,67.715,0,-0.11%
"Jun 21, 2018",67.945,68.205,68.243,67.945,0,-0.17%
"Jun 20, 2018",68.06,68.1,68.185,68.03,0,-0.37%
"Jun 19, 2018",68.31,67.98,68.385,67.977,0,0.40%
"Jun 18, 2018",68.04,68.16,68.17,67.95,0,-0.03%
"Jun 15, 2018",68.06,67.915,68.065,67.887,0,0.55%
"Jun 14, 2018",67.69,67.575,67.735,67.57,0,0.07%
"Jun 13, 2018",67.645,67.6,67.705,67.55,0,0.24%
"Jun 12, 2018",67.48,67.455,67.51,67.36,0,0.01%
"Jun 11, 2018",67.47,67.445,67.48,67.275,0,-0.09%
"Jun 08, 2018",67.53,67.47,67.795,67.44,0,0.16%
"Jun 07, 2018",67.42,66.94,67.46,66.94,0,0.87%
"June 6, 2018",66.84,67.09,67.165,66.84,0,-0.39%
"June 5, 2018",67.1,67.08,67.23,67.08,0,0.04%
"June 4, 2018",67.07,66.915,67.17,66.85,0,0.11%
"June 1, 2018",66.995,67.455,67.455,66.995,0,-0.65%
"May 31, 2018",67.43,67.43,67.6,67.32,0,-0.01%
"May 30, 2018",67.44,67.855,67.9,67.395,0,-0.59%
"May 29, 2018",67.84,67.63,67.995,67.63,0,0.65%
"May 28, 2018",67.4,67.505,67.532,67.298,0,-0.49%
"May 25, 2018",67.73,68.33,68.33,67.718,0,-0.89%
"May 24, 2018",68.34,68.35,68.435,68.295,0,-0.04%
"May 23, 2018",68.37,68.16,68.485,68.16,0,0.51%
"May 22, 2018",68.02,67.99,68.095,67.938,0,-0.14%
"May 21, 2018",68.115,68.105,68.165,68.023,0,0.18%
"May 18, 2018",67.99,67.775,68.1,67.768,0,0.33%
"May 17, 2018",67.765,67.725,67.81,67.585,0,-0.01%
"May 16, 2018",67.775,68.105,68.135,67.755,0,-0.45%
"May 15, 2018",68.08,67.69,68.148,67.46,0,0.77%
"May 14, 2018",67.56,67.257,67.63,67.22,0,0.30%
"May 11, 2018",67.36,67.145,67.38,67.115,0,0.17%
"May 10, 2018",67.245,67.335,67.438,67.225,0,-0.16%
"May 09, 2018",67.35,67.135,67.477,67.135,0,0.33%
"May 08, 2018",67.13,67.175,67.29,66.988,0,-0.01%
"May 07, 2018",67.14,66.83,67.185,66.79,0,0.48%
"May 4, 2018",66.82,66.66,66.92,66.63,0,0.22%
"May 3, 2018",66.67,66.605,66.72,66.53,0,-0.03%
"May 2, 2018",66.69,66.76,66.782,66.64,0,-0.16%
"May 1, 2018",66.8,66.46,66.81,66.45,0,0.51%
"Apr 30, 2018",66.46,66.6,66.6,66.35,0,-0.24%
"Apr 27, 2018",66.62,66.84,66.852,66.62,0,-0.28%
"Apr 26, 2018",66.805,66.885,66.912,66.697,0,-0.17%
"Apr 25, 2018",66.92,66.49,66.98,66.49,0,0.77%
"Apr 24, 2018",66.41,66.42,66.46,66.295,0,-0.18%
"Apr 23, 2018",66.53,66.21,66.53,66.15,0,0.48%
"Apr 20, 2018",66.21,66.03,66.21,65.96,0,0.52%
"Apr 19, 2018",65.87,65.85,65.87,65.735,0,0.23%
"Apr 18, 2018",65.72,65.67,65.79,65.6,0,0.06%
"Apr 17, 2018",65.68,65.45,65.702,65.42,0,0.32%
"Apr 16, 2018",65.47,65.33,65.515,65.32,0,0.33%
"Apr 13, 2018",65.255,65.305,65.305,65.185,0,-0.05%
"Apr 12, 2018",65.29,65.32,65.45,65.248,0,0.05%
"Apr 11, 2018",65.26,65,65.315,64.985,0,0.48%
"Apr 10, 2018",64.95,64.89,65.035,64.89,0,-0.01%
"Apr 09, 2018",64.955,64.865,65.057,64.85,0,0.04%
"Apr 06, 2018",64.93,64.935,65.045,64.92,0,0.06%
"Apr 5, 2018",64.89,65.04,65.14,64.89,0,-0.24%
"Apr 4, 2018",65.045,65.005,65.18,64.905,0,0.07%
"Apr 3, 2018",65,65.09,65.135,64.985,0,-0.20%
"Apr 2, 2018",65.13,65.12,65.13,65.09,0,0.02%
"Mar 30, 2018",65.115,65.115,65.115,65.115,0,0.00%
"Mar 29, 2018",65.115,65.17,65.17,65.115,0,-0.07%
"Mar 28, 2018",65.16,64.89,65.3,64.89,0,0.33%
"Mar 27, 2018",64.945,64.785,64.993,64.727,0,0.19%
"Mar 26, 2018",64.825,64.895,64.955,64.803,0,-0.25%
"Mar 23, 2018",64.99,65.2,65.21,64.982,0,-0.18%
"Mar 22, 2018",65.105,65.125,65.155,65.025,0,-0.12%
"Mar 21, 2018",65.18,65.22,65.24,65.18,0,-0.05%
"Mar 20, 2018",65.21,65.21,65.25,65.16,0,-0.02%
"Mar 19, 2018",65.22,65.045,65.22,65,0,0.35%
"Mar 16, 2018",64.99,64.99,64.99,64.85,0,0.00%
"Mar 15, 2018",64.99,64.925,64.993,64.81,0,0.23%
"Mar 14, 2018",64.84,64.89,65.062,64.82,0,-0.02%
"Mar 13, 2018",64.855,64.985,65.01,64.845,0,-0.20%
"Mar 12, 2018",64.985,64.965,65.07,64.957,0,-0.21%
"Mar 09, 2018",65.125,65.125,65.195,65.045,0,0.03%
"Mar 08, 2018",65.105,64.905,65.165,64.885,0,0.35%
"Mar 07, 2018",64.88,64.905,65.01,64.86,0,-0.04%
"Mar 6, 2018",64.905,64.945,65.12,64.905,0,-0.18%
"Mar 5, 2018",65.025,65.055,65.16,64.93,0,-0.30%
"Mar 2, 2018",65.22,65.21,65.27,65.2,0,-0.02%
"Mar 1, 2018",65.23,65.21,65.252,65.11,0,0.03%
"Feb 28, 2018",65.21,65.15,65.32,65.05,0,0.45%
"Feb 27, 2018",64.92,64.82,64.97,64.77,0,0.23%
"Feb 26, 2018",64.77,64.66,64.84,64.63,0,0.09%
"Feb 23, 2018",64.71,64.96,64.96,64.695,0,-0.41%
"Feb 22, 2018",64.975,65.065,65.105,64.955,0,0.26%
"Feb 21, 2018",64.805,64.905,64.945,64.713,0,-0.08%
"Feb 20, 2018",64.86,64.51,64.863,64.42,0,0.95%
"Feb 19, 2018",64.25,64.25,64.25,64.25,0,0.05%
"Feb 16, 2018",64.215,63.875,64.23,63.815,0,0.49%
"Feb 15, 2018",63.9,63.96,63.98,63.875,0,-0.31%
"Feb 14, 2018",64.1,64.155,64.192,64.045,0,-0.26%
"Feb 13, 2018",64.265,64.275,64.275,64.265,0,-0.02%
"Feb 12, 2018",64.28,64.29,64.35,64.24,0,-0.15%
"Feb 09, 2018",64.375,64.425,64.438,64.285,0,0.12%
"Feb 08, 2018",64.3,64.39,64.39,64.15,0,0.03%
"Feb 07, 2018",64.28,64.22,64.312,64.045,0,0.08%
"Feb 6, 2018",64.23,64.36,64.405,64.1,0,0.14%
"Feb 5, 2018",64.14,64.24,64.24,64.01,0,0.02%
"Feb 2, 2018",64.13,64.125,64.2,63.74,0,0.23%
"Feb 1, 2018",63.98,63.65,64.065,63.56,0,0.68%
"Jan 31, 2018",63.55,63.68,63.752,63.55,0,-0.22%
"Jan 30, 2018",63.69,63.7,63.815,63.595,0,0.14%
"Jan 29, 2018",63.6,63.61,63.625,63.49,0,0.02%
"Jan 26, 2018",63.59,63.525,63.62,63.515,0,0.12%
"Jan 25, 2018",63.515,63.515,63.64,63.455,0,-0.23%
"Jan 24, 2018",63.66,63.74,63.74,63.63,0,-0.16%
"Jan 23, 2018",63.76,63.91,63.91,63.75,0,-0.20%
"Jan 22, 2018",63.89,63.89,64.01,63.725,0,0.09%
"Jan 19, 2018",63.83,63.68,63.87,63.635,0,-0.06%
"Jan 18, 2018",63.87,63.86,63.95,63.755,0,-0.02%
"Jan 17, 2018",63.885,64.08,64.08,63.772,0,-0.21%
"Jan 16, 2018",64.02,63.61,64.13,63.6,0,0.80%
"Jan 15, 2018",63.515,63.46,63.515,63.335,0,-0.15%
"Jan 12, 2018",63.61,63.6,63.73,63.49,0,-0.13%
"Jan 11, 2018",63.69,63.66,63.828,63.648,0,0.09%
"Jan 10, 2018",63.63,63.69,63.855,63.56,0,-0.06%
"Jan 09, 2018",63.67,63.485,63.73,63.425,0,0.31%
"Jan 08, 2018",63.475,63.335,63.53,63.245,0,0.21%
"Jan 05, 2018",63.34,63.36,63.425,63.323,0,-0.09%
"Jan 4, 2018",63.4,63.595,63.615,63.365,0,-0.17%
"Jan 3, 2018",63.505,63.555,63.575,63.45,0,0.07%
"Jan 2, 2018",63.46,63.7,63.77,63.44,0,-0.35%
"Jan 1, 2018",63.68,63.855,63.865,63.635,0,-0.25%
"Dec 29, 2017",63.84,64.055,64.07,63.79,0,-0.37%
"Dec 28, 2017",64.08,64.13,64.28,64.078,0,-0.06%
"Dec 27, 2017",64.12,64.075,64.185,64.075,0,0.11%
"Dec 26, 2017",64.05,64.04,64.125,64.028,0,0.05%
"Dec 25, 2017",64.02,64.02,64.02,64.02,0,0.00%
"Dec 22, 2017",64.02,64.06,64.09,64.02,0,0.00%
"Dec 21, 2017",64.02,64.02,64.14,64.01,0,-0.15%
"Dec 20, 2017",64.115,64.01,64.13,64.005,0,0.09%
"Dec 19, 2017",64.06,64.23,64.23,63.945,0,-0.23%
"Dec 18, 2017",64.21,64.16,64.73,64.09,0,0.20%
"Dec 15, 2017",64.08,64.14,64.175,64.015,0,-0.40%
"Dec 14, 2017",64.34,64.36,64.375,64.255,0,-0.19%
"Dec 13, 2017",64.46,64.54,64.56,64.425,0,0.08%
"Dec 12, 2017",64.41,64.42,64.53,64.4,0,0.09%
"Dec 11, 2017",64.355,64.455,64.455,64.315,0,-0.19%
"Dec 08, 2017",64.48,64.565,64.59,64.435,0,-0.14%
"Dec 07, 2017",64.57,64.51,64.61,64.49,0,0.06%
"Dec 6, 2017",64.53,64.445,64.555,64.398,0,0.26%
"Dec 5, 2017",64.36,64.3,64.468,64.23,0,-0.03%
"Dec 4, 2017",64.38,64.56,64.56,64.29,0,-0.22%
"Dec 1, 2017",64.52,64.505,64.52,64.49,0,0.05%
"Nov 30, 2017",64.49,64.55,64.635,64.41,0,0.20%
"Nov 29, 2017",64.36,64.42,64.52,64.28,0,-0.08%
"Nov 28, 2017",64.41,64.54,64.613,64.37,0,-0.10%
"Nov 27, 2017",64.477,64.715,64.828,64.477,0,-0.31%
"Nov 24, 2017",64.68,64.59,64.752,64.555,0,0.17%
"Nov 23, 2017",64.57,64.815,64.897,64.57,0,-0.48%
"Nov 22, 2017",64.88,64.78,64.965,64.72,0,0.00%
"Nov 21, 2017",64.88,65.09,65.125,64.88,0,-0.34%
"Nov 20, 2017",65.1,64.975,65.125,64.975,0,0.13%
"Nov 17, 2017",65.015,64.647,65.072,64.625,0,-0.43%
"Nov 16, 2017",65.295,65.285,65.39,65.125,0,0.04%
"Nov 15, 2017",65.27,65.44,65.44,65.155,0,-0.21%
"Nov 14, 2017",65.41,65.32,65.55,65.292,0,-0.05%
"Nov 13, 2017",65.44,65.37,65.535,65.267,0,0.38%
"Nov 10, 2017",65.19,65.09,65.208,65.005,0,0.33%
"Nov 09, 2017",64.975,64.945,65.002,64.852,0,0.08%
"Nov 08, 2017",64.92,65.135,65.165,64.92,0,-0.22%
"Nov 07, 2017",65.06,64.66,65.07,64.615,0,0.67%
"Nov 6, 2017",64.625,64.665,64.742,64.625,0,0.10%
"Nov 3, 2017",64.56,64.58,64.65,64.52,0,-0.02%
"Nov 2, 2017",64.575,64.535,64.675,64.475,0,0.02%
"Nov 1, 2017",64.565,64.705,64.705,64.51,0,-0.29%
"Oct 31, 2017",64.75,64.84,64.85,64.73,0,-0.17%
"Oct 30, 2017",64.86,64.89,64.96,64.8,0,-0.28%
"Oct 27, 2017",65.04,65.025,65.11,64.965,0,0.31%
"Oct 26, 2017",64.84,64.785,64.92,64.73,0,-0.13%
"Oct 25, 2017",64.925,65.145,65.2,64.885,0,-0.25%
"Oct 24, 2017",65.09,64.98,65.125,64.9,0,0.10%
"Oct 23, 2017",65.023,65.075,65.115,64.98,0,-0.03%
"Oct 20, 2017",65.04,65,65.045,64.995,0,0.07%
"Oct 19, 2017",64.995,65.033,65.08,64.995,0,-0.09%
"Oct 18, 2017",65.055,64.995,65.17,64.965,0,0.04%
"Oct 17, 2017",65.03,64.795,65.04,64.795,0,0.51%
"Oct 16, 2017",64.7,64.745,64.77,64.69,0,0.00%
"Oct 13, 2017",64.7,64.955,64.965,64.7,0,-0.55%
"Oct 12, 2017",65.06,65.16,65.165,65.035,0,-0.15%
"Oct 11, 2017",65.16,65.26,65.325,65.13,0,-0.14%
"Oct 10, 2017",65.25,65.355,65.38,65.205,0,-0.16%
"Oct 09, 2017",65.355,65.375,65.43,65.275,0,-0.07%
"Oct 06, 2017",65.4,65.2,65.405,65.2,0,0.39%
"Oct 5, 2017",65.145,65.095,65.195,64.975,0,0.18%
"Oct 4, 2017",65.03,65.345,65.385,64.95,0,-0.69%
"Oct 3, 2017",65.485,65.595,65.637,65.465,0,0.27%
"Oct 2, 2017",65.31,65.31,65.31,65.31,0,0.00%
"Sep 29, 2017",65.31,65.352,65.465,65.235,0,-0.24%
"Sep 28, 2017",65.47,65.835,65.9,65.47,0,-0.37%
"Sep 27, 2017",65.715,65.365,65.755,65.345,0,0.39%
"Sep 26, 2017",65.46,65.245,65.49,65.155,0,0.51%
"Sep 25, 2017",65.127,64.845,65.175,64.725,0,0.51%
"Sep 22, 2017",64.795,64.805,65.155,64.755,0,-0.02%
"Sep 21, 2017",64.81,64.515,64.855,64.45,0,0.80%
"Sep 20, 2017",64.293,64.245,64.435,64.245,0,-0.01%
"Sep 19, 2017",64.3,64.19,64.35,64.13,0,0.22%
"Sep 18, 2017",64.158,64.055,64.168,64.002,0,0.07%
"Sep 15, 2017",64.11,64.145,64.145,64.042,0,-0.02%
"Sep 14, 2017",64.123,64.168,64.172,64.062,0,0.18%
"Sep 13, 2017",64.01,63.99,64.05,63.97,0,-0.03%
"Sep 12, 2017",64.031,63.985,64.055,63.935,0,0.15%
"Sep 11, 2017",63.935,63.905,63.94,63.838,0,0.24%
"Sep 08, 2017",63.785,63.87,63.96,63.78,0,-0.36%
"Sep 07, 2017",64.015,64.042,64.055,63.98,0,-0.07%
"Sep 6, 2017",64.06,64.105,64.262,64.06,0,-0.07%
"Sep 5, 2017",64.105,64.105,64.162,64.08,0,0.10%
"Sep 4, 2017",64.04,63.945,64.178,63.935,0,0.02%
"Sep 1, 2017",64.025,63.925,64.055,63.875,0,0.14%
"Aug 31, 2017",63.935,64.035,64.06,63.895,0,-0.09%
"Aug 30, 2017",63.99,63.975,64.02,63.875,0,-0.04%
"Aug 29, 2017",64.015,63.955,64.037,63.925,0,0.17%
"Aug 28, 2017",63.905,63.89,63.93,63.855,0,-0.16%
"Aug 25, 2017",64.005,64.055,64.065,64.005,0,-0.06%
"Aug 24, 2017",64.045,64.04,64.09,64.005,0,0.00%
"Aug 23, 2017",64.045,64.045,64.147,64.045,0,-0.04%
"Aug 22, 2017",64.072,64.095,64.15,64.05,0,-0.06%
"Aug 21, 2017",64.11,64.075,64.157,64.015,0,0.02%
"Aug 18, 2017",64.095,64.185,64.185,64.082,0,-0.12%
"Aug 17, 2017",64.17,64.17,64.17,64.17,0,0.00%
"Aug 16, 2017",64.17,64.275,64.328,64.14,0,0.08%
"Aug 15, 2017",64.12,64.11,64.12,64.11,0,0.05%
"Aug 14, 2017",64.09,63.985,64.148,63.935,0,-0.08%
"Aug 11, 2017",64.14,64.23,64.27,64.1,0,0.07%
"Aug 10, 2017",64.095,63.955,64.115,63.885,0,0.37%
"Aug 09, 2017",63.86,63.785,63.86,63.715,0,0.26%
"Aug 08, 2017",63.692,63.755,63.785,63.62,0,-0.23%
"Aug 07, 2017",63.84,63.73,63.865,63.668,0,0.26%
"Aug 4, 2017",63.675,63.721,63.786,63.624,0,-0.05%
"Aug 3, 2017",63.705,63.645,63.72,63.575,0,0.11%
"Aug 2, 2017",63.635,64.125,64.135,63.595,0,-0.72%
"Aug 1, 2017",64.095,64.105,64.145,64.045,0,-0.16%
"Jul 31, 2017",64.2,64.14,64.273,64.075,0,0.13%
"Jul 28, 2017",64.115,64.195,64.245,64.11,0,-0.02%
"Jul 27, 2017",64.125,64.195,64.218,64.075,0,-0.36%
"Jul 26, 2017",64.355,64.472,64.487,64.355,0,-0.05%
"Jul 25, 2017",64.385,64.355,64.425,64.345,0,-0.02%
"Jul 24, 2017",64.395,64.415,64.465,64.3,0,0.02%
"Jul 21, 2017",64.385,64.385,64.39,64.305,0,0.02%
"Jul 20, 2017",64.375,64.345,64.46,64.325,0,0.16%
"Jul 19, 2017",64.27,64.37,64.37,64.26,0,-0.07%
"Jul 18, 2017",64.316,64.37,64.415,64.316,0,-0.05%
"Jul 17, 2017",64.345,64.365,64.407,64.345,0,-0.12%
"Jul 14, 2017",64.424,64.488,64.525,64.424,0,-0.06%
"Jul 13, 2017",64.46,64.398,64.475,64.398,0,-0.02%
"Jul 12, 2017",64.475,64.535,64.6,64.475,0,-0.14%
"Jul 11, 2017",64.565,64.465,64.605,64.46,0,0.14%
"Jul 10, 2017",64.475,64.585,64.597,64.475,0,-0.23%
"Jul 07, 2017",64.625,64.775,64.775,64.54,0,-0.15%
"Jul 6, 2017",64.725,64.755,64.808,64.705,0,-0.12%
"Jul 5, 2017",64.8,64.705,64.865,64.675,0,0.02%
"Jul 4, 2017",64.79,64.805,64.897,64.705,0,-0.08%
"Jul 3, 2017",64.845,64.655,64.91,64.635,0,0.35%
"Jun 30, 2017",64.62,64.73,64.84,64.575,0,-0.06%
"Jun 29, 2017",64.66,64.455,64.69,64.442,0,0.21%
"Jun 28, 2017",64.525,64.575,64.66,64.51,0,0.08%
"Jun 27, 2017",64.475,64.485,64.545,64.405,0,0.06%
"Jun 26, 2017",64.435,64.465,64.465,64.435,0,-0.11%
"Jun 23, 2017",64.505,64.585,64.618,64.445,0,-0.15%
"Jun 22, 2017",64.605,64.545,64.63,64.455,0,0.12%
"Jun 21, 2017",64.53,64.635,64.68,64.49,0,-0.02%
"Jun 20, 2017",64.54,64.485,64.54,64.412,0,0.07%
"Jun 19, 2017",64.495,64.445,64.505,64.34,0,0.05%
"Jun 16, 2017",64.465,64.69,64.75,64.405,0,-0.15%
"Jun 15, 2017",64.565,64.295,64.62,64.26,0,0.51%
"Jun 14, 2017",64.235,64.335,64.367,64.235,0,-0.17%
"Jun 13, 2017",64.345,64.455,64.515,64.345,0,-0.21%
"Jun 12, 2017",64.48,64.35,64.49,64.32,0,0.37%
"Jun 09, 2017",64.245,64.275,64.34,64.167,0,-0.01%
"Jun 08, 2017",64.25,64.41,64.43,64.208,0,-0.29%
"Jun 07, 2017",64.435,64.515,64.535,64.315,0,0.01%
"June 6, 2017",64.43,64.34,64.485,64.315,0,0.12%
"June 5, 2017",64.35,64.32,64.4,64.29,0,-0.10%
"June 2, 2017",64.415,64.345,64.52,64.345,0,-0.10%
"June 1, 2017",64.478,64.525,64.598,64.433,0,-0.05%
"May 31, 2017",64.51,64.605,64.605,64.46,0,-0.19%
"May 30, 2017",64.635,64.645,64.707,64.605,0,0.15%
"May 29, 2017",64.54,64.485,64.595,64.455,0,0.05%
"May 26, 2017",64.51,64.565,64.63,64.425,0,-0.07%
"May 25, 2017",64.555,64.578,64.65,64.48,0,-0.33%
"May 24, 2017",64.77,64.93,64.97,64.715,0,-0.19%
"May 23, 2017",64.895,64.685,64.92,64.655,0,0.60%
"May 22, 2017",64.51,64.53,64.655,64.46,0,-0.09%
"May 19, 2017",64.565,64.725,65.025,64.565,0,-0.49%
"May 18, 2017",64.88,64.4,64.92,64.327,0,1.17%
"May 17, 2017",64.13,64,64.175,63.99,0,0.13%
"May 16, 2017",64.045,64.075,64.165,64.04,0,-0.03%
"May 15, 2017",64.065,64.13,64.18,64.025,0,-0.28%
"May 12, 2017",64.243,64.305,64.377,64.243,0,-0.25%
"May 11, 2017",64.405,64.595,64.595,64.35,0,-0.33%
"May 10, 2017",64.615,64.694,64.694,64.555,0,-0.10%
"May 09, 2017",64.68,64.44,64.705,64.44,0,0.50%
"May 08, 2017",64.36,64.26,64.385,64.21,0,0.07%
"May 05, 2017",64.315,64.235,64.395,64.235,0,0.16%
"May 4, 2017",64.215,64.195,64.25,64.18,0,0.08%
"May 3, 2017",64.165,64.14,64.2,64.115,0,0.00%
"May 2, 2017",64.165,64.147,64.25,64.125,0,-0.14%
"May 1, 2017",64.255,64.285,64.285,64.255,0,-0.05%
"Apr 28, 2017",64.29,64.13,64.4,64.13,0,0.27%
"Apr 27, 2017",64.115,64.065,64.175,63.985,0,-0.02%
"Apr 26, 2017",64.13,64.32,64.33,63.94,0,-0.31%
"Apr 25, 2017",64.33,64.425,64.425,64.215,0,-0.25%
"Apr 24, 2017",64.49,64.537,64.542,64.41,0,-0.25%
"Apr 21, 2017",64.65,64.66,64.69,64.565,0,0.05%
"Apr 20, 2017",64.62,64.64,64.727,64.536,0,-0.07%
"Apr 19, 2017",64.665,64.575,64.665,64.525,0,0.09%
"Apr 18, 2017",64.605,64.515,64.655,64.485,0,0.19%
"Apr 17, 2017",64.48,64.44,64.55,64.305,0,0.00%
"Apr 14, 2017",64.48,64.443,64.48,64.443,0,0.05%
"Apr 13, 2017",64.445,64.455,64.493,64.272,0,-0.38%
"Apr 12, 2017",64.69,64.625,64.73,64.535,0,0.21%
"Apr 11, 2017",64.555,64.575,64.695,64.41,0,-0.08%
"Apr 10, 2017",64.605,64.325,64.61,64.325,0,0.52%
"Apr 07, 2017",64.27,64.599,64.744,64.154,0,-0.52%
"Apr 6, 2017",64.606,65.044,65.059,64.504,0,-0.41%
"Apr 5, 2017",64.875,65.075,65.175,64.875,0,-0.31%
"Apr 4, 2017",65.08,65.15,65.15,65.07,0,0.15%
"Apr 3, 2017",64.985,64.825,65.11,64.785,0,0.19%
"Mar 31, 2017",64.86,64.93,64.99,64.8,0,0.00%
"Mar 30, 2017",64.86,64.85,64.99,64.85,0,-0.02%
"Mar 29, 2017",64.875,65.125,65.125,64.865,0,-0.26%
"Mar 28, 2017",65.045,65.11,65.135,65.04,0,0.08%
"Mar 27, 2017",64.995,65.295,65.295,64.98,0,-0.66%
"Mar 24, 2017",65.425,65.505,65.545,65.385,0,-0.05%
"Mar 23, 2017",65.455,65.425,65.588,65.4,0,0.00%
"Mar 22, 2017",65.455,65.585,65.59,65.395,0,0.17%
"Mar 21, 2017",65.345,65.424,65.475,65.234,0,0.00%
"Mar 20, 2017",65.345,65.425,65.495,65.315,0,-0.20%
"Mar 17, 2017",65.475,65.485,65.675,65.405,0,0.14%
"Mar 16, 2017",65.385,65.405,65.535,65.255,0,-0.37%
"Mar 15, 2017",65.63,65.77,65.79,65.42,0,-0.22%
"Mar 14, 2017",65.775,66.225,66.265,65.75,0,-0.61%
"Mar 13, 2017",66.18,66.15,66.19,66.15,0,-0.56%
"Mar 10, 2017",66.555,66.745,66.745,66.555,0,-0.20%
"Mar 09, 2017",66.69,66.837,66.875,66.665,0,-0.11%
"Mar 08, 2017",66.765,66.633,66.77,66.63,0,0.21%
"Mar 07, 2017",66.625,66.68,66.7,66.595,0,-0.07%
"Mar 6, 2017",66.675,66.8,66.8,66.66,0,-0.16%
"Mar 3, 2017",66.78,66.9,66.91,66.78,0,-0.01%
"Mar 2, 2017",66.785,66.782,66.808,66.69,0,-0.12%
"Mar 1, 2017",66.865,66.715,66.915,66.715,0,0.21%
"Feb 28, 2017",66.725,66.765,66.835,66.645,0,0.04%
"Feb 27, 2017",66.7,66.72,66.78,66.65,0,0.08%
"Feb 24, 2017",66.645,66.656,66.705,66.615,0,-0.07%
"Feb 23, 2017",66.69,66.905,66.965,66.69,0,-0.39%
"Feb 22, 2017",66.95,67.007,67.067,66.927,0,-0.05%
"Feb 21, 2017",66.985,66.99,67.025,66.947,0,0.12%
"Feb 20, 2017",66.905,67.07,67.07,66.905,0,-0.26%
"Feb 17, 2017",67.08,67.14,67.167,67,0,0.00%
"Feb 16, 2017",67.08,66.96,67.135,66.915,0,0.31%
"Feb 15, 2017",66.875,66.945,67.005,66.875,0,0.06%
"Feb 14, 2017",66.835,66.925,67,66.805,0,-0.21%
"Feb 13, 2017",66.975,66.952,67.087,66.947,0,0.18%
"Feb 10, 2017",66.854,66.851,67.021,66.801,0,0.13%
"Feb 09, 2017",66.765,67.065,67.088,66.725,0,-0.43%
"Feb 08, 2017",67.05,67.385,67.385,67.05,0,-0.45%
"Feb 07, 2017",67.35,67.2,67.465,67.2,0,0.23%
"Feb 6, 2017",67.195,67.225,67.255,67.145,0,0.02%
"Feb 3, 2017",67.184,67.209,67.429,67.184,0,-0.04%
"Feb 2, 2017",67.21,67.385,67.51,67.21,0,-0.30%
"Feb 1, 2017",67.415,67.669,67.704,67.415,0,-0.15%
"Jan 31, 2017",67.515,67.844,67.918,67.455,0,-0.46%
"Jan 30, 2017",67.829,68.106,68.12,67.755,0,-0.41%
"Jan 27, 2017",68.105,68.191,68.255,68.015,0,-0.10%
"Jan 26, 2017",68.176,67.985,68.234,67.965,0,0.28%
"Jan 25, 2017",67.988,68.137,68.2,67.97,0,-0.22%
"Jan 24, 2017",68.138,68.05,68.18,68.04,0,0.13%
"Jan 23, 2017",68.051,68.081,68.233,68,0,-0.04%
"Jan 20, 2017",68.075,68.115,68.295,67.978,0,-0.04%
"Jan 19, 2017",68.1,68.222,68.319,68.069,0,-0.18%
"Jan 18, 2017",68.22,67.853,68.22,67.853,0,0.53%
"Jan 17, 2017",67.862,68.103,68.158,67.855,0,-0.35%
"Jan 16, 2017",68.103,68.168,68.28,68.07,0,-0.11%
"Jan 13, 2017",68.18,68.15,68.29,68.097,0,0.06%
"Jan 12, 2017",68.141,68.195,68.196,67.95,0,-0.25%
"Jan 11, 2017",68.312,68.37,68.546,68.223,0,-0.02%
"Jan 10, 2017",68.327,68.11,68.351,67.988,0,0.33%
"Jan 09, 2017",68.1,68.116,68.305,68.07,0,-0.02%
"Jan 06, 2017",68.115,67.755,68.198,67.755,0,0.55%
"Jan 5, 2017",67.743,67.895,68.013,67.73,0,-0.21%
"Jan 4, 2017",67.886,68.28,68.3,67.85,0,-0.55%
"Jan 3, 2017",68.26,68.147,68.438,68.045,0,0.17%
"Jan 2, 2017",68.145,67.951,68.231,67.906,0,0.28%
"Dec 30, 2016",67.955,67.935,68,67.85,0,0.03%
"Dec 29, 2016",67.935,68.232,68.258,67.905,0,-0.44%
"Dec 28, 2016",68.233,67.977,68.261,67.955,0,0.38%
"Dec 27, 2016",67.978,67.82,68.09,67.76,0,0.32%
"Dec 26, 2016",67.76,67.841,67.863,67.705,0,-0.11%
"Dec 23, 2016",67.837,67.845,67.95,67.74,0,-0.02%
"Dec 22, 2016",67.848,67.838,68.04,67.82,0,0.02%
"Dec 21, 2016",67.837,67.917,67.97,67.77,0,-0.12%
"Dec 20, 2016",67.917,67.847,68.111,67.81,0,0.11%
"Dec 19, 2016",67.844,67.85,67.9,67.708,0,-0.02%
"Dec 16, 2016",67.855,67.855,67.88,67.738,0,0.00%
"Dec 15, 2016",67.857,67.77,67.95,67.688,0,0.57%
"Dec 14, 2016",67.475,67.425,67.605,67.4,0,0.09%
"Dec 13, 2016",67.411,67.428,67.609,67.38,0,-0.03%
"Dec 12, 2016",67.431,67.471,67.649,67.37,0,-0.06%
"Dec 09, 2016",67.47,67.41,67.64,67.368,0,-0.11%
"Dec 08, 2016",67.546,67.445,67.571,67.318,0,0.16%
"Dec 07, 2016",67.438,67.738,67.98,67.425,0,-0.45%
"Dec 6, 2016",67.742,68.026,68.158,67.675,0,-0.42%
"Dec 5, 2016",68.025,68.021,68.275,68.015,0,-0.01%
"Dec 2, 2016",68.031,68.235,68.393,68.01,0,-0.30%
"Dec 1, 2016",68.236,68.595,68.598,68.19,0,-0.53%
"Nov 30, 2016",68.598,68.615,68.71,68.368,0,-0.02%
"Nov 29, 2016",68.615,68.575,68.776,68.561,0,0.05%
"Nov 28, 2016",68.579,68.519,68.81,68.355,0,0.09%
"Nov 25, 2016",68.519,68.755,68.761,68.3,0,-0.35%
"Nov 24, 2016",68.761,68.81,68.87,68.578,0,-0.03%
"Nov 23, 2016",68.784,68.395,68.881,68.36,0,0.57%
"Nov 22, 2016",68.396,68.225,68.49,68.06,0,0.25%
"Nov 21, 2016",68.228,68.185,68.293,68.02,0,0.05%
"Nov 18, 2016",68.191,68.03,68.25,67.94,0,0.25%
"Nov 17, 2016",68.023,67.983,68.075,67.767,0,0.04%
"Nov 16, 2016",67.999,67.785,68.12,67.618,0,0.31%
"Nov 15, 2016",67.786,67.786,67.875,67.53,0,0.00%
"Nov 14, 2016",67.785,67.52,67.786,67.46,0,0.33%
"Nov 11, 2016",67.565,67.301,67.565,66.985,0,1.05%
"Nov 10, 2016",66.865,66.468,66.865,66.33,0,0.53%
"Nov 09, 2016",66.515,66.261,66.945,66.242,0,0.41%
"Nov 08, 2016",66.246,66.745,66.748,66.242,0,-0.75%
"Nov 07, 2016",66.745,66.795,66.805,66.676,0,-0.08%
"Nov 4, 2016",66.796,66.665,66.805,66.65,0,0.19%
"Nov 3, 2016",66.668,66.778,66.798,66.63,0,-0.14%
"Nov 2, 2016",66.762,66.695,66.87,66.63,0,0.10%
"Nov 1, 2016",66.696,66.685,66.78,66.66,0,0.01%
"Oct 31, 2016",66.686,66.779,66.8,66.65,0,-0.14%
"Oct 28, 2016",66.778,66.894,66.934,66.691,0,-0.15%
"Oct 27, 2016",66.881,66.862,66.963,66.79,0,0.03%
"Oct 26, 2016",66.863,66.812,66.9,66.758,0,0.09%
"Oct 25, 2016",66.806,66.851,66.94,66.74,0,-0.06%
"Oct 24, 2016",66.845,66.921,66.935,66.766,0,-0.12%
"Oct 21, 2016",66.926,66.852,67.005,66.76,0,0.14%
"Oct 20, 2016",66.83,66.638,66.87,66.61,0,0.28%
"Oct 19, 2016",66.645,66.74,66.775,66.61,0,-0.13%
"Oct 18, 2016",66.733,66.789,66.802,66.65,0,-0.08%
"Oct 17, 2016",66.789,66.718,66.9,66.715,0,0.11%
"Oct 14, 2016",66.717,66.794,66.91,66.64,0,-0.12%
"Oct 13, 2016",66.794,66.827,66.99,66.73,0,-0.03%
"Oct 12, 2016",66.812,66.819,66.885,66.73,0,-0.03%
"Oct 11, 2016",66.834,66.508,66.862,66.494,0,0.51%
"Oct 10, 2016",66.492,66.602,66.62,66.473,0,-0.17%
"Oct 07, 2016",66.602,66.696,66.89,66.535,0,-0.14%
"Oct 6, 2016",66.697,66.574,66.796,66.554,0,0.19%
"Oct 5, 2016",66.572,66.613,66.675,66.505,0,-0.06%
"Oct 4, 2016",66.609,66.494,66.63,66.373,0,0.09%
"Oct 3, 2016",66.546,66.555,66.61,66.43,0,-0.02%
"Sep 30, 2016",66.556,66.802,66.873,66.51,0,-0.38%
"Sep 29, 2016",66.812,66.346,66.955,66.327,0,0.70%
"Sep 28, 2016",66.349,66.47,66.548,66.346,0,-0.11%
"Sep 27, 2016",66.425,66.629,66.712,66.425,0,-0.28%
"Sep 26, 2016",66.613,66.707,66.805,66.547,0,-0.14%
"Sep 23, 2016",66.707,66.635,66.75,66.593,0,0.11%
"Sep 22, 2016",66.633,66.762,66.903,66.53,0,-0.17%
"Sep 21, 2016",66.744,66.988,67.145,66.738,0,-0.36%
"Sep 20, 2016",66.985,66.98,67.07,66.91,0,0.01%
"Sep 19, 2016",66.98,67.076,67.08,66.87,0,-0.14%
"Sep 16, 2016",67.075,66.863,67.12,66.775,0,0.32%
"Sep 15, 2016",66.86,66.798,67.085,66.767,0,0.09%
"Sep 14, 2016",66.798,67.131,67.132,66.786,0,-0.51%
"Sep 13, 2016",67.14,66.738,67.148,66.732,0,0.60%
"Sep 12, 2016",66.738,66.85,66.995,66.727,0,-0.23%
"Sep 09, 2016",66.895,66.653,66.895,66.46,0,0.40%
"Sep 08, 2016",66.631,66.478,66.676,66.365,0,0.23%
"Sep 07, 2016",66.478,66.37,66.506,66.31,0,0.30%
"Sep 6, 2016",66.28,66.55,66.58,66.27,0,-0.29%
"Sep 5, 2016",66.47,66.65,66.665,66.435,0,-0.49%
"Sep 2, 2016",66.795,66.833,66.897,66.617,0,-0.01%
"Sep 1, 2016",66.801,66.962,67.095,66.758,0,-0.26%
"Aug 31, 2016",66.973,67.148,67.155,66.92,0,-0.25%
"Aug 30, 2016",67.144,67.096,67.155,66.934,0,0.05%
"Aug 29, 2016",67.113,67.137,67.215,67.06,0,-0.03%
"Aug 26, 2016",67.136,67.014,67.161,66.831,0,0.18%
"Aug 25, 2016",67.016,67.167,67.167,67,0,-0.22%
"Aug 24, 2016",67.167,67.153,67.295,67.087,0,0.07%
"Aug 23, 2016",67.122,67.194,67.211,67.03,0,-0.12%
"Aug 22, 2016",67.202,67.138,67.37,67.095,0,0.10%
"Aug 19, 2016",67.137,66.822,67.205,66.822,0,0.46%
"Aug 18, 2016",66.83,66.904,66.916,66.717,0,-0.09%
"Aug 17, 2016",66.893,66.857,66.986,66.84,0,0.03%
"Aug 16, 2016",66.87,66.865,66.938,66.688,0,0.03%
"Aug 15, 2016",66.853,66.91,66.96,66.792,0,-0.08%
"Aug 12, 2016",66.908,66.75,66.926,66.738,0,0.24%
"Aug 11, 2016",66.75,66.765,66.92,66.738,0,-0.02%
"Aug 10, 2016",66.765,66.772,66.808,66.6,0,-0.01%
"Aug 09, 2016",66.774,66.816,66.985,66.738,0,-0.05%
"Aug 08, 2016",66.81,66.84,66.865,66.673,0,-0.05%
"Aug 05, 2016",66.842,66.843,66.901,66.71,0,0.00%
"Aug 4, 2016",66.84,66.782,67.01,66.74,0,0.11%
"Aug 3, 2016",66.767,66.687,67.015,66.682,0,0.13%
"Aug 2, 2016",66.682,66.767,66.805,66.57,0,-0.12%
"Aug 1, 2016",66.764,66.72,66.81,66.64,0,0.16%
"Jul 29, 2016",66.655,67.032,67.113,66.625,0,-0.54%
"Jul 28, 2016",67.014,67.058,67.115,66.94,0,-0.09%
"Jul 27, 2016",67.072,67.294,67.379,67.042,0,-0.37%
"Jul 26, 2016",67.321,67.415,67.438,67.255,0,-0.13%
"Jul 25, 2016",67.412,67.15,67.48,67.09,0,0.38%
"Jul 22, 2016",67.154,67.163,67.217,67.042,0,0.00%
"Jul 21, 2016",67.153,67.174,67.273,67.081,0,-0.01%
"Jul 20, 2016",67.163,67.188,67.255,67.095,0,-0.06%
"Jul 19, 2016",67.204,67.137,67.24,67.063,0,0.10%
"Jul 18, 2016",67.137,67.096,67.22,67.012,0,-0.01%
"Jul 15, 2016",67.141,66.843,67.175,66.843,0,0.45%
"Jul 14, 2016",66.843,67.006,67.042,66.802,0,-0.26%
"Jul 13, 2016",67.016,67.06,67.225,66.935,0,0.06%
"Jul 12, 2016",66.975,67.172,67.22,66.975,0,-0.24%
"Jul 11, 2016",67.138,67.139,67.308,67.01,0,0.00%
"Jul 08, 2016",67.139,67.495,67.517,67.07,0,-0.53%
"Jul 07, 2016",67.495,67.404,67.539,67.304,0,0.12%
"Jul 6, 2016",67.411,67.438,67.555,67.36,0,-0.03%
"Jul 5, 2016",67.434,67.255,67.525,67.244,0,0.25%
"Jul 4, 2016",67.265,67.19,67.3,67.118,0,0.11%
"Jul 1, 2016",67.19,67.509,67.514,67.15,0,-0.47%
"Jun 30, 2016",67.504,67.394,67.72,67.394,0,0.12%
"Jun 29, 2016",67.422,67.715,67.85,67.375,0,-0.43%
"Jun 28, 2016",67.715,67.898,67.98,67.65,0,-0.29%
"Jun 27, 2016",67.914,67.888,68.09,67.78,0,0.04%
"Jun 24, 2016",67.885,67.278,68.223,67.247,0,0.90%
"Jun 23, 2016",67.279,67.442,67.48,67.2,0,-0.25%
"Jun 22, 2016",67.449,67.64,67.678,67.342,0,-0.26%
"Jun 21, 2016",67.624,67.497,67.755,67.335,0,0.11%
"Jun 20, 2016",67.551,67.073,67.69,67.073,0,0.71%
"Jun 17, 2016",67.074,67.318,67.318,67.042,0,-0.36%
"Jun 16, 2016",67.315,67.079,67.454,67.077,0,0.35%
"Jun 15, 2016",67.079,67.291,67.353,67,0,-0.32%
"Jun 14, 2016",67.292,67.188,67.396,67.061,0,0.16%
"Jun 13, 2016",67.187,66.96,67.22,66.9,0,0.35%
"Jun 10, 2016",66.952,66.783,67.01,66.717,0,0.30%
"Jun 09, 2016",66.753,66.491,66.795,66.473,0,0.38%
"Jun 08, 2016",66.5,66.658,66.821,66.451,0,-0.24%
"Jun 07, 2016",66.658,66.809,66.97,66.635,0,-0.20%
"June 6, 2016",66.79,66.888,67.055,66.789,0,-0.31%
"June 3, 2016",67,67.285,67.38,67,0,-0.40%
"June 2, 2016",67.268,67.484,67.51,67.215,0,-0.25%
"June 1, 2016",67.434,67.207,67.519,67.12,0,0.33%
"May 31, 2016",67.209,67.17,67.338,67.106,0,0.06%
"May 30, 2016",67.171,67.04,67.38,67.031,0,0.21%
"May 27, 2016",67.031,66.942,67.135,66.875,0,0.16%
"May 26, 2016",66.927,67.3,67.415,66.903,0,-0.51%
"May 25, 2016",67.273,67.63,67.712,67.223,0,-0.53%
"May 24, 2016",67.63,67.429,67.78,67.417,0,0.33%
"May 23, 2016",67.409,67.43,67.59,67.243,0,0.00%
"May 20, 2016",67.408,67.436,67.545,67.32,0,-0.04%
"May 19, 2016",67.436,67.143,67.61,67.103,0,0.44%
"May 18, 2016",67.14,66.824,67.169,66.824,0,0.47%
"May 17, 2016",66.825,66.845,66.901,66.675,0,-0.03%
"May 16, 2016",66.844,66.925,66.944,66.73,0,-0.02%
"May 13, 2016",66.855,66.757,66.925,66.72,0,0.15%
"May 12, 2016",66.757,66.561,66.781,66.52,0,0.29%
"May 11, 2016",66.561,66.631,66.845,66.52,0,-0.11%
"May 10, 2016",66.631,66.752,66.786,66.542,0,-0.18%
"May 09, 2016",66.752,66.602,66.8,66.395,0,0.23%
"May 06, 2016",66.6,66.568,66.715,66.48,0,0.06%
"May 5, 2016",66.558,66.627,66.675,66.458,0,-0.10%
"May 4, 2016",66.627,66.579,66.689,66.5,0,0.10%
"May 3, 2016",66.558,66.343,66.582,66.235,0,0.32%
"May 2, 2016",66.346,66.425,66.465,66.32,0,-0.12%
"Apr 29, 2016",66.425,66.395,66.57,66.29,0,0.04%
"Apr 28, 2016",66.401,66.391,66.562,66.32,0,0.06%
"Apr 27, 2016",66.362,66.406,66.612,66.344,0,-0.06%
"Apr 26, 2016",66.404,66.693,66.852,66.397,0,-0.42%
"Apr 25, 2016",66.685,66.66,66.765,66.59,0,0.04%
"Apr 22, 2016",66.66,66.502,66.731,66.457,0,0.26%
"Apr 21, 2016",66.489,66.165,66.528,66.164,0,0.49%
"Apr 20, 2016",66.166,66.137,66.36,66.095,0,0.02%
"Apr 19, 2016",66.15,66.417,66.502,66.129,0,-0.40%
"Apr 18, 2016",66.416,66.66,66.72,66.415,0,-0.37%
"Apr 15, 2016",66.66,66.597,66.68,66.469,0,0.09%
"Apr 14, 2016",66.597,66.506,66.69,66.479,0,0.15%
"Apr 13, 2016",66.496,66.277,66.68,66.271,0,0.32%
"Apr 12, 2016",66.283,66.301,66.567,66.272,0,-0.01%
"Apr 11, 2016",66.287,66.555,66.603,66.28,0,-0.40%
"Apr 08, 2016",66.551,66.757,66.787,66.475,0,-0.31%
"Apr 07, 2016",66.757,66.517,66.826,66.422,0,0.36%
"Apr 6, 2016",66.517,66.42,66.745,66.38,0,0.14%
"Apr 5, 2016",66.422,66.112,66.558,66.08,0,0.48%
"Apr 4, 2016",66.106,66.31,66.387,66.024,0,-0.39%
"Apr 1, 2016",66.365,66.355,66.502,66.27,0,0.17%
"Mar 31, 2016",66.255,66.235,66.358,66.125,0,-0.18%
"Mar 30, 2016",66.375,66.295,66.502,66.265,0,0.00%
"Mar 29, 2016",66.375,66.61,66.66,66.366,0,-0.35%
"Mar 28, 2016",66.608,66.79,66.912,66.511,0,-0.33%
"Mar 25, 2016",66.829,66.916,66.928,66.745,0,-0.13%
"Mar 24, 2016",66.916,66.93,66.948,66.822,0,-0.02%
"Mar 23, 2016",66.93,66.755,66.956,66.625,0,0.26%
"Mar 22, 2016",66.755,66.5,66.84,66.48,0,0.38%
"Mar 21, 2016",66.5,66.383,66.571,66.383,0,0.17%
"Mar 18, 2016",66.384,66.63,66.7,66.256,0,-0.35%
"Mar 17, 2016",66.619,66.91,66.958,66.605,0,-0.82%
"Mar 16, 2016",67.173,67.37,67.46,67.173,0,-0.30%
"Mar 15, 2016",67.372,67.138,67.415,67.136,0,0.35%
"Mar 14, 2016",67.138,66.973,67.246,66.88,0,0.32%
"Mar 11, 2016",66.921,67.303,67.352,66.901,0,-0.57%
"Mar 10, 2016",67.302,67.128,67.373,66.895,0,0.26%
"Mar 09, 2016",67.128,67.325,67.515,67.062,0,-0.27%
"Mar 08, 2016",67.313,66.989,67.47,66.988,0,0.48%
"Mar 07, 2016",66.989,66.989,67.156,66.933,0,0.08%
"Mar 4, 2016",66.938,67.121,67.355,66.881,0,-0.27%
"Mar 3, 2016",67.122,67.41,67.46,67.121,0,-0.41%
"Mar 2, 2016",67.395,67.599,67.765,67.392,0,-0.53%
"Mar 1, 2016",67.753,68.206,68.36,67.677,0,-0.67%
"Feb 29, 2016",68.208,68.737,68.792,68.203,0,-0.77%
"Feb 26, 2016",68.737,68.779,68.86,68.63,0,-0.05%
"Feb 25, 2016",68.768,68.431,68.909,68.384,0,0.49%
"Feb 24, 2016",68.431,68.561,68.66,68.386,0,-0.19%
"Feb 23, 2016",68.561,68.553,68.69,68.46,0,0.04%
"Feb 22, 2016",68.533,68.69,68.725,68.505,0,-0.02%
"Feb 19, 2016",68.545,68.531,68.686,68.521,0,0.00%
"Feb 18, 2016",68.542,68.322,68.6,68.316,0,0.31%
"Feb 17, 2016",68.329,68.482,68.69,68.314,0,-0.21%
"Feb 16, 2016",68.474,68.14,68.512,68.061,0,0.50%
"Feb 15, 2016",68.131,68.119,68.27,68.01,0,0.02%
"Feb 12, 2016",68.118,68.471,68.496,68.11,0,-0.52%
"Feb 11, 2016",68.471,67.862,68.489,67.785,0,0.90%
"Feb 10, 2016",67.861,67.91,67.996,67.798,0,-0.06%
"Feb 09, 2016",67.901,68.054,68.22,67.882,0,-0.20%
"Feb 08, 2016",68.034,67.88,68.068,67.78,0,0.33%
"Feb 05, 2016",67.81,67.546,67.84,67.495,0,0.39%
"Feb 4, 2016",67.544,67.76,67.895,67.524,0,-0.57%
"Feb 3, 2016",67.934,67.977,68.265,67.929,0,-0.06%
"Feb 2, 2016",67.975,67.817,68.043,67.764,0,0.21%
"Feb 1, 2016",67.835,67.878,67.97,67.64,0,-0.06%
"Jan 29, 2016",67.878,68.053,68.18,67.785,0,-0.26%
"Jan 28, 2016",68.053,68.15,68.265,68.017,0,-0.13%
"Jan 27, 2016",68.144,67.766,68.185,67.739,0,0.60%
"Jan 26, 2016",67.739,67.727,67.909,67.697,0,-0.02%
"Jan 25, 2016",67.755,67.579,67.85,67.493,0,0.30%
"Jan 22, 2016",67.549,67.826,67.869,67.547,0,-0.37%
"Jan 21, 2016",67.799,67.955,68.12,67.797,0,-0.23%
"Jan 20, 2016",67.958,67.734,68.18,67.731,0,0.33%
"Jan 19, 2016",67.734,67.662,67.8,67.525,0,0.11%
"Jan 18, 2016",67.661,67.791,67.791,67.5,0,-0.17%
"Jan 15, 2016",67.775,67.328,67.869,67.255,0,0.68%
"Jan 14, 2016",67.316,66.918,67.49,66.917,0,0.60%
"Jan 13, 2016",66.917,66.947,66.953,66.73,0,-0.04%
"Jan 12, 2016",66.946,66.766,66.98,66.74,0,0.28%
"Jan 11, 2016",66.76,66.874,66.965,66.708,0,-0.13%
"Jan 08, 2016",66.847,66.891,66.93,66.6,0,-0.07%
"Jan 07, 2016",66.891,66.712,66.981,66.507,0,0.29%
"Jan 6, 2016",66.698,66.499,66.905,66.479,0,0.33%
"Jan 5, 2016",66.481,66.599,66.663,66.428,0,-0.15%
"Jan 4, 2016",66.579,66.165,66.66,66.165,0,0.52%
"Jan 1, 2016",66.235,66.209,66.267,66.13,0,0.04%
"Dec 31, 2015",66.208,66.484,66.484,66.09,0,-0.40%
"Dec 30, 2015",66.475,66.257,66.495,66.234,0,0.36%
"Dec 29, 2015",66.235,66.153,66.43,66.136,0,0.15%
"Dec 28, 2015",66.137,66.03,66.22,66.03,0,0.17%
"Dec 25, 2015",66.025,65.946,66.03,65.946,0,0.12%
"Dec 24, 2015",65.947,66.058,66.162,65.946,0,-0.14%
"Dec 23, 2015",66.037,66.242,66.285,66.011,0,-0.31%
"Dec 22, 2015",66.244,66.268,66.36,66.176,0,-0.01%
"Dec 21, 2015",66.251,66.319,66.385,66.189,0,-0.01%
"Dec 18, 2015",66.255,66.411,66.535,66.228,0,-0.25%
"Dec 17, 2015",66.421,66.454,66.685,66.26,0,-0.08%
"Dec 16, 2015",66.476,66.866,66.947,66.431,0,-0.58%
"Dec 15, 2015",66.863,67.092,67.135,66.77,0,-0.34%
"Dec 14, 2015",67.093,67.1,67.18,66.965,0,-0.08%
"Dec 11, 2015",67.148,66.761,67.148,66.743,0,0.59%
"Dec 10, 2015",66.756,66.855,66.935,66.681,0,-0.15%
"Dec 09, 2015",66.855,66.862,66.96,66.725,0,0.00%
"Dec 08, 2015",66.857,66.777,66.895,66.71,0,0.13%
"Dec 07, 2015",66.773,66.643,66.867,66.57,0,0.20%
"Dec 4, 2015",66.643,66.79,66.995,66.642,0,-0.22%
"Dec 3, 2015",66.79,66.598,66.898,66.561,0,0.30%
"Dec 2, 2015",66.591,66.433,66.68,66.432,0,0.24%
"Dec 1, 2015",66.434,66.462,66.61,66.385,0,-0.04%
"Nov 30, 2015",66.462,66.835,66.945,66.422,0,-0.67%
"Nov 27, 2015",66.907,66.66,66.91,66.65,0,0.51%
"Nov 26, 2015",66.565,66.371,66.675,66.347,0,0.30%
"Nov 25, 2015",66.368,66.261,66.399,66.261,0,0.16%
"Nov 24, 2015",66.262,66.398,66.505,66.26,0,-0.20%
"Nov 23, 2015",66.395,66.095,66.485,66.057,0,0.51%
"Nov 20, 2015",66.058,66.088,66.28,66.044,0,-0.05%
"Nov 19, 2015",66.09,66.057,66.24,66.032,0,0.09%
"Nov 18, 2015",66.033,66.008,66.325,65.985,0,0.08%
"Nov 17, 2015",65.981,65.905,66.095,65.885,0,0.14%
"Nov 16, 2015",65.886,66.079,66.26,65.853,0,-0.26%
"Nov 13, 2015",66.059,66.19,66.24,66.059,0,0.01%
"Nov 12, 2015",66.055,66.135,66.165,66.01,0,-0.02%
"Nov 11, 2015",66.07,66.07,66.07,66.07,0,-0.20%
"Nov 10, 2015",66.2,66.44,66.49,66.2,0,-0.41%
"Nov 09, 2015",66.475,66.42,66.5,66.317,0,0.51%
"Nov 06, 2015",66.14,65.817,66.14,65.733,0,0.43%
"Nov 5, 2015",65.86,65.609,65.9,65.523,0,0.38%
"Nov 4, 2015",65.609,65.592,65.63,65.33,0,0.06%
"Nov 3, 2015",65.569,65.568,65.795,65.42,0,0.01%
"Nov 2, 2015",65.561,65.413,65.665,65.355,0,0.21%
"Oct 30, 2015",65.423,65.444,65.453,65.12,0,-0.04%
"Oct 29, 2015",65.449,65.154,65.47,65.12,0,0.76%
"Oct 28, 2015",64.954,65.112,65.12,64.833,0,-0.24%
"Oct 27, 2015",65.112,64.921,65.117,64.885,0,0.29%
"Oct 26, 2015",64.921,64.964,65.025,64.788,0,0.04%
"Oct 23, 2015",64.892,64.869,65.06,64.7,0,0.05%
"Oct 22, 2015",64.86,65.133,65.173,64.853,0,-0.44%
"Oct 21, 2015",65.146,65.024,65.23,65,0,0.19%
"Oct 20, 2015",65.024,64.92,65.07,64.86,0,0.16%
"Oct 19, 2015",64.919,64.703,64.937,64.681,0,0.33%
"Oct 16, 2015",64.703,64.78,65.03,64.639,0,-0.12%
"Oct 15, 2015",64.779,64.735,64.921,64.68,0,0.07%
"Oct 14, 2015",64.736,65.112,65.185,64.73,0,-0.56%
"Oct 13, 2015",65.098,64.797,65.192,64.78,0,0.47%
"Oct 12, 2015",64.795,64.779,64.89,64.7,0,0.02%
"Oct 09, 2015",64.78,64.817,65.004,64.689,0,-0.06%
"Oct 08, 2015",64.819,64.935,65.188,64.816,0,-0.14%
"Oct 07, 2015",64.907,65.127,65.37,64.815,0,-0.34%
"Oct 6, 2015",65.129,65.145,65.44,65.128,0,-0.01%
"Oct 5, 2015",65.134,65.155,65.34,65.047,0,-0.35%
"Oct 2, 2015",65.364,65.623,65.7,65.358,0,-0.41%
"Oct 1, 2015",65.631,65.524,65.68,65.49,0,0.17%
"Sep 30, 2015",65.517,65.836,65.955,65.48,0,-0.49%
"Sep 29, 2015",65.837,66.413,66.441,65.836,0,-0.65%
"Sep 28, 2015",66.267,66.16,66.274,66.02,0,0.15%
"Sep 25, 2015",66.17,66.108,66.242,66.07,0,0.09%
"Sep 24, 2015",66.11,66.175,66.38,66.04,0,-0.11%
"Sep 23, 2015",66.184,65.91,66.186,65.828,0,0.42%
"Sep 22, 2015",65.91,65.71,65.97,65.56,0,0.33%
"Sep 21, 2015",65.691,65.869,65.95,65.62,0,-0.27%
"Sep 18, 2015",65.868,66.117,66.26,65.67,0,-0.31%
"Sep 17, 2015",66.071,66.194,66.301,66.066,0,-0.22%
"Sep 16, 2015",66.219,66.449,66.52,66.186,0,-0.34%
"Sep 15, 2015",66.447,66.279,66.48,66.266,0,0.28%
"Sep 14, 2015",66.261,66.242,66.5,66.21,0,0.03%
"Sep 11, 2015",66.241,66.309,66.59,66.238,0,-0.09%
"Sep 10, 2015",66.299,66.646,66.77,66.298,0,-0.48%
"Sep 09, 2015",66.619,66.311,66.65,66.245,0,0.49%
"Sep 08, 2015",66.294,66.853,66.913,66.293,0,-0.89%
"Sep 07, 2015",66.886,66.726,66.907,66.585,0,0.30%
"Sep 4, 2015",66.685,66.124,66.785,66.09,0,0.89%
"Sep 3, 2015",66.1,66.202,66.3,66.04,0,-0.15%
"Sep 2, 2015",66.202,66.383,66.474,66.125,0,-0.27%
"Sep 1, 2015",66.383,66.398,66.47,66.19,0,-0.04%
"Aug 31, 2015",66.412,66.151,66.5,66.128,0,0.40%
"Aug 28, 2015",66.15,65.985,66.26,65.94,0,0.28%
"Aug 27, 2015",65.968,66.141,66.16,65.865,0,-0.05%
"Aug 26, 2015",66.004,66.289,66.39,66.004,0,-0.42%
"Aug 25, 2015",66.28,66.867,66.91,65.87,0,-0.80%
"Aug 24, 2015",66.814,66.39,66.816,66.305,0,1.18%
"Aug 21, 2015",66.034,65.441,66.045,65.42,0,0.92%
"Aug 20, 2015",65.433,65.097,65.7,65.061,0,0.50%
"Aug 19, 2015",65.109,65.409,65.45,65.061,0,-0.53%
"Aug 18, 2015",65.454,65.444,65.5,65.3,0,0.03%
"Aug 17, 2015",65.436,65.097,65.461,65.07,0,0.47%
"Aug 14, 2015",65.129,65.234,65.38,64.96,0,-0.11%
"Aug 13, 2015",65.203,64.855,65.34,64.63,0,0.54%
"Aug 12, 2015",64.855,64.354,64.96,64.28,0,0.81%
"Aug 11, 2015",64.332,63.773,64.392,63.751,0,0.88%
"Aug 10, 2015",63.773,63.744,63.92,63.707,0,0.05%
"Aug 07, 2015",63.739,63.722,63.97,63.701,0,0.03%
"Aug 6, 2015",63.722,63.692,63.83,63.65,0,0.05%
"Aug 5, 2015",63.692,63.798,63.94,63.65,0,-0.17%
"Aug 4, 2015",63.798,64.178,64.178,63.68,0,-0.59%
"Aug 3, 2015",64.177,63.996,64.19,63.93,0,0.30%
"Jul 31, 2015",63.988,64.152,64.22,63.864,0,-0.23%
"Jul 30, 2015",64.138,63.826,64.16,63.82,0,0.50%
"Jul 29, 2015",63.821,63.8,63.95,63.767,0,0.03%
"Jul 28, 2015",63.799,64.232,64.243,63.74,0,-0.63%
"Jul 27, 2015",64.202,64.16,64.27,64,0,0.15%
"Jul 24, 2015",64.106,63.922,64.18,63.826,0,0.29%
"Jul 23, 2015",63.921,63.57,63.93,63.57,0,0.55%
"Jul 22, 2015",63.571,63.567,63.68,63.49,0,-0.02%
"Jul 21, 2015",63.583,63.6,63.76,63.537,0,-0.03%
"Jul 20, 2015",63.6,63.483,63.75,63.47,0,0.17%
"Jul 17, 2015",63.492,63.487,63.54,63.375,0,0.05%
"Jul 16, 2015",63.463,63.508,63.564,63.42,0,-0.07%
"Jul 15, 2015",63.507,63.278,63.61,63.278,0,0.36%
"Jul 14, 2015",63.281,63.45,63.6,63.265,0,-0.27%
"Jul 13, 2015",63.45,63.359,63.6,63.315,0,0.15%
"Jul 10, 2015",63.358,63.318,63.49,63.308,0,0.06%
"Jul 09, 2015",63.318,63.456,63.59,63.29,0,-0.22%
"Jul 08, 2015",63.459,63.476,63.66,63.453,0,-0.03%
"Jul 07, 2015",63.476,63.263,63.582,63.26,0,0.34%
"Jul 6, 2015",63.264,63.427,63.64,63.254,0,-0.23%
"Jul 3, 2015",63.411,63.297,63.5,63.297,0,0.18%
"Jul 2, 2015",63.299,63.553,63.68,63.296,0,-0.39%
"Jul 1, 2015",63.55,63.609,63.712,63.53,0,-0.08%
"Jun 30, 2015",63.604,63.707,63.81,63.55,0,-0.16%
"Jun 29, 2015",63.707,63.523,63.95,63.45,0,0.40%
"Jun 26, 2015",63.452,63.528,63.67,63.45,0,-0.10%
"Jun 25, 2015",63.518,63.548,63.65,63.489,0,-0.01%
"Jun 24, 2015",63.526,63.59,63.71,63.487,0,-0.13%
"Jun 23, 2015",63.607,63.532,63.695,63.499,0,0.13%
"Jun 22, 2015",63.523,63.532,63.59,63.44,0,0.04%
"Jun 19, 2015",63.5,63.579,63.87,63.42,0,-0.12%
"Jun 18, 2015",63.577,63.905,63.95,63.566,0,-0.68%
"Jun 17, 2015",64.011,64.166,64.28,63.989,0,-0.24%
"Jun 16, 2015",64.166,64.081,64.33,63.996,0,0.13%
"Jun 15, 2015",64.085,64.1,64.2,64,0,-0.02%
"Jun 12, 2015",64.1,63.985,64.2,63.9,0,0.22%
"Jun 11, 2015",63.959,63.782,64.03,63.75,0,0.30%
"Jun 10, 2015",63.766,64.039,64.071,63.76,0,-0.38%
"Jun 09, 2015",64.01,63.963,64.09,63.85,0,0.10%
"Jun 08, 2015",63.947,64.111,64.18,63.925,0,0.28%
"Jun 05, 2015",63.77,63.963,64.035,63.75,0,-0.30%
"June 4, 2015",63.964,63.996,64.27,63.916,0,-0.05%
"June 3, 2015",63.997,63.699,64.08,63.669,0,0.48%
"June 2, 2015",63.689,63.61,63.97,63.59,0,0.15%
"June 1, 2015",63.594,63.733,63.841,63.53,0,-0.23%
"May 29, 2015",63.743,63.79,63.946,63.68,0,-0.03%
"May 28, 2015",63.763,63.823,64,63.745,0,-0.10%
"May 27, 2015",63.826,63.983,64.17,63.82,0,-0.23%
"May 26, 2015",63.972,63.493,64.02,63.49,0,0.75%
"May 25, 2015",63.496,63.511,63.68,63.49,0,0.01%
"May 22, 2015",63.49,63.578,63.681,63.43,0,-0.14%
"May 21, 2015",63.58,63.612,63.75,63.51,0,-0.03%
"May 20, 2015",63.598,63.781,63.9,63.555,0,-0.26%
"May 19, 2015",63.763,63.725,63.85,63.52,0,0.09%
"May 18, 2015",63.708,63.442,63.75,63.425,0,0.42%
"May 15, 2015",63.44,63.403,63.662,63.347,0,0.09%
"May 14, 2015",63.383,64.014,64.063,63.379,0,-0.98%
"May 13, 2015",64.013,64.146,64.281,63.845,0,-0.21%
"May 12, 2015",64.147,64.007,64.39,63.998,0,0.22%
"May 11, 2015",64.007,63.705,64.022,63.705,0,0.46%
"May 08, 2015",63.711,64.071,64.23,63.657,0,-0.56%
"May 07, 2015",64.073,63.635,64.29,63.623,0,0.71%
"May 6, 2015",63.621,63.376,63.685,63.31,0,0.40%
"May 5, 2015",63.369,63.562,63.62,63.315,0,-0.23%
"May 4, 2015",63.516,63.692,63.693,63.516,0,-0.32%
"May 1, 2015",63.719,63.531,63.72,63.5,0,0.30%
"Apr 30, 2015",63.529,63.44,63.74,63.398,0,0.11%
"Apr 29, 2015",63.46,63.049,63.502,63.04,0,0.65%
"Apr 28, 2015",63.053,63.334,63.47,63.027,0,-0.46%
"Apr 27, 2015",63.346,63.747,63.78,63.346,0,-0.50%
"Apr 24, 2015",63.662,63.283,63.683,63.215,0,0.61%
"Apr 23, 2015",63.277,62.968,63.43,62.895,0,0.47%
"Apr 22, 2015",62.98,62.881,63.02,62.725,0,0.20%
"Apr 21, 2015",62.854,63.14,63.165,62.75,0,-0.45%
"Apr 20, 2015",63.137,62.554,63.167,62.5,0,0.94%
"Apr 17, 2015",62.55,62.317,62.55,62.305,0,0.37%
"Apr 16, 2015",62.317,62.353,62.407,62.245,0,-0.07%
"Apr 15, 2015",62.36,62.294,62.46,62.264,0,0.15%
"Apr 14, 2015",62.268,62.413,62.422,62.21,0,-0.22%
"Apr 13, 2015",62.407,62.184,62.575,62.18,0,0.21%
"Apr 10, 2015",62.276,62.301,62.43,62.209,0,-0.05%
"Apr 09, 2015",62.306,62.201,62.337,62.15,0,0.18%
"Apr 08, 2015",62.192,62.301,62.372,62.139,0,-0.17%
"Apr 07, 2015",62.296,62.206,62.425,62.195,0,0.14%
"Apr 6, 2015",62.207,61.93,62.24,61.93,0,0.40%
"Apr 3, 2015",61.96,62.078,62.14,61.936,0,-0.17%
"Apr 2, 2015",62.067,62.163,62.24,62.046,0,-0.12%
"Apr 1, 2015",62.142,62.291,62.402,62.135,0,-0.24%
"Mar 31, 2015",62.291,62.514,62.68,62.276,0,-0.35%
"Mar 30, 2015",62.51,62.534,62.7,62.438,0,-0.02%
"Mar 27, 2015",62.523,62.84,62.851,62.395,0,-0.50%
"Mar 26, 2015",62.836,62.43,62.843,62.43,0,0.68%
"Mar 25, 2015",62.412,62.344,62.454,62.262,0,0.10%
"Mar 24, 2015",62.348,62.21,62.421,62.14,0,0.19%
"Mar 23, 2015",62.23,62.415,62.415,62.23,0,-0.29%
"Mar 20, 2015",62.41,62.525,62.595,62.41,0,-0.13%
"Mar 19, 2015",62.49,62.39,62.685,62.37,0,-0.34%
"Mar 18, 2015",62.701,62.651,62.79,62.62,0,0.12%
"Mar 17, 2015",62.623,62.778,62.85,62.608,0,-0.25%
"Mar 16, 2015",62.78,63.087,63.138,62.763,0,-0.48%
"Mar 13, 2015",63.083,62.559,63.126,62.433,0,0.87%
"Mar 12, 2015",62.542,62.777,62.796,62.408,0,-0.38%
"Mar 11, 2015",62.781,62.723,62.88,62.7,0,0.10%
"Mar 10, 2015",62.72,62.641,62.836,62.563,0,0.14%
"Mar 09, 2015",62.634,62.475,62.8,62.4,0,0.28%
"Mar 06, 2015",62.46,62.393,62.463,62.3,0,0.13%
"Mar 5, 2015",62.381,62.309,62.43,62.16,0,0.12%
"Mar 4, 2015",62.309,61.819,62.391,61.659,0,0.79%
"Mar 3, 2015",61.819,61.862,61.972,61.772,0,-0.07%
"Mar 2, 2015",61.862,61.713,62,61.675,0,0.33%
"Feb 27, 2015",61.659,61.744,61.92,61.658,0,-0.12%
"Feb 26, 2015",61.731,61.871,62,61.675,0,-0.21%
"Feb 25, 2015",61.862,62.09,62.113,61.84,0,-0.50%
"Feb 24, 2015",62.17,62.172,62.36,62.07,0,0.01%
"Feb 23, 2015",62.163,62.27,62.33,62.117,0,0.09%
"Feb 20, 2015",62.109,62.14,62.29,62.108,0,-0.05%
"Feb 19, 2015",62.138,62.064,62.17,62.03,0,0.13%
"Feb 18, 2015",62.057,62.157,62.361,62.005,0,-0.16%
"Feb 17, 2015",62.157,62.105,62.27,62.07,0,0.08%
"Feb 16, 2015",62.105,62.114,62.25,62.07,0,0.05%
"Feb 13, 2015",62.076,62.14,62.224,62.02,0,-0.12%
"Feb 12, 2015",62.15,62.382,62.54,62.028,0,-0.37%
"Feb 11, 2015",62.382,62.327,62.433,62.12,0,0.09%
"Feb 10, 2015",62.327,62.161,62.374,61.93,0,0.29%
"Feb 09, 2015",62.149,62.058,62.22,61.95,0,0.29%
"Feb 06, 2015",61.97,61.703,62.025,61.665,0,0.42%
"Feb 5, 2015",61.709,61.842,61.95,61.678,0,-0.22%
"Feb 4, 2015",61.842,61.596,61.91,61.565,0,0.40%
"Feb 3, 2015",61.596,61.721,61.85,61.565,0,-0.20%
"Feb 2, 2015",61.719,62.005,62.085,61.645,0,-0.49%
"Jan 30, 2015",62.02,61.807,62.035,61.71,0,0.35%
"Jan 29, 2015",61.801,61.44,61.981,61.43,0,0.72%
"Jan 28, 2015",61.358,61.515,61.54,61.27,0,-0.08%
"Jan 27, 2015",61.41,61.48,61.525,61.355,0,-0.11%
"Jan 26, 2015",61.48,61.515,61.52,61.475,0,0.07%
"Jan 23, 2015",61.44,61.45,61.615,61.373,0,-0.27%
"Jan 22, 2015",61.605,61.635,61.77,61.505,0,0.07%
"Jan 21, 2015",61.56,61.73,61.73,61.54,0,-0.15%
"Jan 20, 2015",61.655,61.825,61.905,61.645,0,0.02%
"Jan 19, 2015",61.645,61.655,61.812,61.605,0,-0.36%
"Jan 16, 2015",61.87,62.085,62.21,61.795,0,-0.31%
"Jan 15, 2015",62.065,61.885,62.105,61.485,0,-0.05%
"Jan 14, 2015",62.095,62.085,62.235,62.06,0,0.19%
"Jan 13, 2015",61.98,62.1,62.195,61.97,0,-0.15%
"Jan 12, 2015",62.075,62.355,62.355,62.065,0,-0.45%
"Jan 09, 2015",62.355,62.5,62.52,62.3,0,-0.51%
"Jan 08, 2015",62.675,63.205,63.205,62.595,0,-0.96%
"Jan 07, 2015",63.28,63.52,63.565,63.17,0,-0.46%
"Jan 6, 2015",63.575,63.375,63.625,63.315,0,0.36%
"Jan 5, 2015",63.345,63.435,63.495,63.285,0,0.09%
"Jan 2, 2015",63.285,63.445,63.502,63.255,0,-0.11%
"Jan 1, 2015",63.355,63.175,63.455,63.175,0,0.51%
"Dec 31, 2014",63.035,63.315,63.39,63.035,0,-0.55%
"Dec 30, 2014",63.385,63.725,63.795,63.355,0,-0.45%
"Dec 29, 2014",63.67,63.665,63.715,63.625,0,0.17%
"Dec 26, 2014",63.562,63.455,63.69,63.455,0,0.07%
"Dec 25, 2014",63.52,63.52,63.52,63.52,0,0.00%
"Dec 24, 2014",63.52,63.435,63.565,63.375,0,0.13%
"Dec 23, 2014",63.44,63.31,63.51,63.25,0,0.33%
"Dec 22, 2014",63.23,63.255,63.33,63.145,0,-0.02%
"Dec 19, 2014",63.245,63.055,63.34,62.99,0,0.40%
"Dec 18, 2014",62.99,63.36,63.4,62.985,0,-0.84%
"Dec 17, 2014",63.525,63.53,63.89,63.45,0,-0.21%
"Dec 16, 2014",63.66,62.915,63.66,62.815,0,0.77%
"Dec 15, 2014",63.175,62.21,63.175,62.21,0,1.04%
"Dec 12, 2014",62.525,62.26,62.535,62.21,0,0.07%
"Dec 11, 2014",62.48,62.05,62.48,62.01,0,0.59%
"Dec 10, 2014",62.115,61.81,62.115,61.77,0,0.38%
"Dec 09, 2014",61.88,61.89,61.955,61.835,0,0.09%
"Dec 08, 2014",61.825,61.98,62.01,61.825,0,-0.15%
"Dec 05, 2014",61.918,61.845,61.918,61.78,0,0.21%
"Dec 4, 2014",61.79,61.945,61.965,61.79,0,-0.12%
"Dec 3, 2014",61.863,61.885,61.97,61.815,0,0.11%
"Dec 2, 2014",61.795,61.905,62.02,61.795,0,-0.26%
"Dec 1, 2014",61.955,62.06,62.24,61.955,0,-0.41%
"Nov 28, 2014",62.21,61.815,62.25,61.765,0,0.57%
"Nov 27, 2014",61.86,61.74,61.938,61.74,0,0.11%
"Nov 26, 2014",61.795,61.865,61.913,61.785,0,-0.11%
"Nov 25, 2014",61.865,61.915,62.045,61.85,0,0.01%
"Nov 24, 2014",61.86,61.7,61.975,61.66,0,0.15%
"Nov 21, 2014",61.767,61.845,61.905,61.745,0,-0.26%
"Nov 20, 2014",61.93,62.04,62.23,61.89,0,-0.02%
"Nov 19, 2014",61.945,61.845,62.008,61.795,0,0.36%
"Nov 18, 2014",61.725,61.735,61.885,61.705,0,-0.17%
"Nov 17, 2014",61.83,61.63,61.83,61.63,0,0.19%
"Nov 14, 2014",61.715,61.63,61.86,61.56,0,0.19%
"Nov 13, 2014",61.6,61.49,61.635,61.49,0,0.37%
"Nov 12, 2014",61.375,61.535,61.57,61.375,0,-0.23%
"Nov 11, 2014",61.515,61.57,61.65,61.515,0,0.05%
"Nov 10, 2014",61.485,61.465,61.57,61.39,0,-0.06%
"Nov 07, 2014",61.52,61.44,61.7,61.44,0,0.03%
"Nov 6, 2014",61.5,61.44,61.515,61.425,0,0.11%
"Nov 5, 2014",61.435,61.34,61.545,61.3,0,0.07%
"Nov 4, 2014",61.395,61.365,61.415,61.31,0,-0.04%
"Nov 3, 2014",61.42,61.51,61.51,61.325,0,0.02%
"Oct 31, 2014",61.405,61.365,61.615,61.3,0,-0.06%
"Oct 30, 2014",61.44,61.29,61.555,61.29,0,0.24%
"Oct 29, 2014",61.29,61.265,61.375,61.22,0,0.17%
"Oct 28, 2014",61.188,61.255,61.425,61.162,0,-0.19%
"Oct 27, 2014",61.305,61.185,61.375,61.185,0,0.22%
"Oct 24, 2014",61.17,61.17,61.17,61.17,0,0.00%
"Oct 23, 2014",61.17,61.16,61.21,61.1,0,-0.05%
"Oct 22, 2014",61.2,61.095,61.315,61.015,0,0.08%
"Oct 21, 2014",61.15,61.315,61.377,61.12,0,-0.14%
"Oct 20, 2014",61.235,61.315,61.385,61.185,0,-0.21%
"Oct 17, 2014",61.365,61.765,61.765,61.36,0,-0.77%
"Oct 16, 2014",61.84,61.485,61.94,61.435,0,0.75%
"Oct 15, 2014",61.38,61.31,61.41,61.25,0,-0.03%
"Oct 14, 2014",61.4,60.945,61.48,60.935,0,0.64%
"Oct 13, 2014",61.01,61.285,61.315,61.01,0,-0.45%
"Oct 10, 2014",61.285,61.165,61.365,61.125,0,0.38%
"Oct 09, 2014",61.055,61.145,61.145,60.91,0,-0.50%
"Oct 08, 2014",61.36,61.47,61.525,61.31,0,0.09%
"Oct 07, 2014",61.305,61.465,61.485,61.28,0,-0.39%
"Oct 6, 2014",61.545,61.545,61.545,61.545,0,0.00%
"Oct 3, 2014",61.545,61.545,61.545,61.545,0,0.00%
"Oct 2, 2014",61.545,61.72,61.72,61.545,0,-0.29%
"Oct 1, 2014",61.725,61.835,61.965,61.593,0,-0.35%
"Sep 30, 2014",61.94,61.615,61.94,61.565,0,0.62%
"Sep 29, 2014",61.56,61.155,61.62,61.155,0,0.68%
"Sep 26, 2014",61.145,61.345,61.625,61.015,0,-0.31%
"Sep 25, 2014",61.335,60.965,61.42,60.925,0,0.64%
"Sep 24, 2014",60.945,61.045,61.065,60.905,0,-0.18%
"Sep 23, 2014",61.055,60.955,61.055,60.875,0,0.18%
"Sep 22, 2014",60.945,60.795,60.945,60.755,0,0.14%
"Sep 19, 2014",60.86,60.78,60.9,60.73,0,0.20%
"Sep 18, 2014",60.74,61.115,61.22,60.74,0,-0.29%
"Sep 17, 2014",60.915,60.985,61.043,60.83,0,-0.24%
"Sep 16, 2014",61.06,61.025,61.165,61.007,0,-0.07%
"Sep 15, 2014",61.105,60.655,61.175,60.655,0,0.74%
"Sep 12, 2014",60.655,60.975,61.025,60.645,0,-0.45%
"Sep 11, 2014",60.93,60.845,60.945,60.72,0,0.00%
"Sep 10, 2014",60.93,60.78,61.045,60.76,0,0.54%
"Sep 09, 2014",60.605,60.435,60.673,60.405,0,0.55%
"Sep 08, 2014",60.275,60.305,60.325,60.212,0,-0.20%
"Sep 05, 2014",60.395,60.445,60.505,60.38,0,0.06%
"Sep 4, 2014",60.36,60.465,60.49,60.355,0,-0.21%
"Sep 3, 2014",60.49,60.605,60.695,60.335,0,-0.32%
"Sep 2, 2014",60.685,60.585,60.695,60.495,0,0.26%
"Sep 1, 2014",60.53,60.51,60.535,60.425,0,0.02%
"Aug 29, 2014",60.52,60.51,60.55,60.47,0,0.03%
"Aug 28, 2014",60.5,60.405,60.698,60.365,0,0.07%
"Aug 27, 2014",60.455,60.485,60.515,60.35,0,0.03%
"Aug 26, 2014",60.435,60.505,60.58,60.435,0,-0.22%
"Aug 25, 2014",60.57,60.555,60.58,60.405,0,0.17%
"Aug 22, 2014",60.47,60.495,60.56,60.365,0,-0.34%
"Aug 21, 2014",60.675,60.695,60.8,60.615,0,0.10%
"Aug 20, 2014",60.615,60.845,60.885,60.52,0,-0.10%
"Aug 19, 2014",60.675,60.775,60.785,60.645,0,-0.17%
"Aug 18, 2014",60.78,60.78,60.78,60.78,0,0.00%
"Aug 15, 2014",60.78,60.82,60.85,60.78,0,0.02%
"Aug 14, 2014",60.765,61.105,61.12,60.765,0,-0.54%
"Aug 13, 2014",61.095,61.095,61.315,61.095,0,0.02%
"Aug 12, 2014",61.085,61.125,61.225,61.075,0,-0.15%
"Aug 11, 2014",61.175,61.085,61.265,61.025,0,0.05%
"Aug 08, 2014",61.145,61.245,61.745,61.135,0,-0.16%
"Aug 07, 2014",61.245,61.405,61.555,61.215,0,-0.41%
"Aug 6, 2014",61.5,61.035,61.525,61.025,0,1.07%
"Aug 5, 2014",60.85,60.885,61.005,60.695,0,-0.16%
"Aug 4, 2014",60.945,61.205,61.205,60.875,0,-0.44%
"Aug 1, 2014",61.215,60.755,61.225,60.7,0,1.09%
"Jul 31, 2014",60.555,60.245,60.565,60.205,0,0.82%
"Jul 30, 2014",60.065,60.245,60.245,60.052,0,-0.11%
"Jul 29, 2014",60.13,60.125,60.14,60.1,0,0.07%
"Jul 28, 2014",60.09,60.055,60.17,60.055,0,0.05%
"Jul 25, 2014",60.06,60.055,60.195,60.01,0,-0.11%
"Jul 24, 2014",60.125,59.965,60.165,59.935,0,0.17%
"Jul 23, 2014",60.02,60.145,60.21,59.96,0,-0.14%
"Jul 22, 2014",60.105,60.265,60.305,60.1,0,-0.23%
"Jul 21, 2014",60.245,60.285,60.34,60.165,0,-0.07%
"Jul 18, 2014",60.285,60.385,60.455,60.245,0,0.17%
"Jul 17, 2014",60.185,60.025,60.2,60.025,0,0.10%
"Jul 16, 2014",60.125,60.235,60.275,60.09,0,0.00%
"Jul 15, 2014",60.125,60.045,60.25,60.005,0,0.00%
"Jul 14, 2014",60.125,59.97,60.215,59.915,0,0.05%
"Jul 11, 2014",60.095,60.115,60.315,59.925,0,-0.17%
"Jul 10, 2014",60.195,59.685,60.225,59.575,0,0.72%
"Jul 09, 2014",59.765,59.755,59.95,59.685,0,0.02%
"Jul 08, 2014",59.755,59.955,60.005,59.665,0,-0.33%
"Jul 07, 2014",59.955,59.815,60.06,59.735,0,0.39%
"Jul 4, 2014",59.725,59.745,59.83,59.645,0,-0.03%
"Jul 3, 2014",59.74,59.675,59.85,59.53,0,0.08%
"Jul 2, 2014",59.692,60.035,60.095,59.59,0,-0.61%
"Jul 1, 2014",60.06,60.085,60.2,60.06,0,0.00%
"Jun 30, 2014",60.06,60.045,60.28,60.005,0,0.02%
"Jun 27, 2014",60.045,60.21,60.21,60.045,0,-0.27%
"Jun 26, 2014",60.21,60.035,60.26,60.035,0,0.21%
"Jun 25, 2014",60.085,60.255,60.4,60.085,0,-0.12%
"Jun 24, 2014",60.16,60.09,60.175,60.08,0,0.00%
"Jun 23, 2014",60.16,60.065,60.305,60.015,0,-0.02%
"Jun 20, 2014",60.175,60.235,60.345,60.135,0,0.13%
"Jun 19, 2014",60.095,60.225,60.225,59.855,0,-0.34%
"Jun 18, 2014",60.3,60.215,60.545,60.065,0,-0.05%
"Jun 17, 2014",60.33,60.115,60.525,60.035,0,0.24%
"Jun 16, 2014",60.185,59.715,60.24,59.715,0,0.80%
"Jun 13, 2014",59.71,59.31,59.81,59.3,0,0.70%
"Jun 12, 2014",59.295,59.235,59.375,59.1,0,-0.08%
"Jun 11, 2014",59.34,59.33,59.37,59.23,0,0.21%
"Jun 10, 2014",59.215,59.135,59.35,59.135,0,0.02%
"Jun 09, 2014",59.205,59.105,59.21,58.975,0,0.05%
"Jun 06, 2014",59.175,59.165,59.315,59.105,0,-0.14%
"June 5, 2014",59.26,59.28,59.37,59.195,0,-0.03%
"June 4, 2014",59.28,59.435,59.465,59.215,0,-0.10%
"June 3, 2014",59.34,59.08,59.432,59.08,0,0.31%
"June 2, 2014",59.155,59.105,59.275,59.065,0,-0.07%
"May 30, 2014",59.195,59.045,59.195,58.94,0,0.47%
"May 29, 2014",58.92,58.935,59.085,58.795,0,-0.04%
"May 28, 2014",58.945,58.955,59.22,58.815,0,-0.17%
"May 27, 2014",59.045,58.715,59.097,58.655,0,0.56%
"May 26, 2014",58.715,58.445,58.925,58.41,0,0.32%
"May 23, 2014",58.525,58.465,58.555,58.33,0,0.41%
"May 22, 2014",58.285,58.615,58.7,58.265,0,-0.70%
"May 21, 2014",58.695,58.705,58.875,58.635,0,0.18%
"May 20, 2014",58.59,58.595,58.825,58.525,0,0.37%
"May 19, 2014",58.375,58.565,58.615,58.375,0,-0.36%
"May 16, 2014",58.585,59.365,59.365,58.585,0,-1.48%
"May 15, 2014",59.465,59.415,59.615,59.1,0,-0.03%
"May 14, 2014",59.485,59.405,59.515,59.39,0,0.03%
"May 13, 2014",59.465,59.965,59.965,59.46,0,-0.98%
"May 12, 2014",60.055,59.905,60.115,59.513,0,0.15%
"May 09, 2014",59.965,60.065,60.1,59.87,0,0.11%
"May 08, 2014",59.9,59.965,60.1,59.88,0,-0.21%
"May 07, 2014",60.025,60.055,60.155,59.965,0,0.07%
"May 6, 2014",59.985,60.075,60.245,59.975,0,-0.42%
"May 5, 2014",60.24,60.09,60.25,60.008,0,0.09%
"May 2, 2014",60.185,60.235,60.285,60.105,0,-0.14%
"May 1, 2014",60.27,60.27,60.27,60.27,0,-0.12%
"Apr 30, 2014",60.345,60.355,60.415,60.225,0,-0.13%
"Apr 29, 2014",60.425,60.615,60.635,60.315,0,-0.37%
"Apr 28, 2014",60.65,60.605,60.74,60.433,0,0.01%
"Apr 25, 2014",60.645,61.055,61.15,60.543,0,-0.76%
"Apr 24, 2014",61.11,61.01,61.14,61.01,0,0.02%
"Apr 23, 2014",61.095,60.885,61.195,60.865,0,0.54%
"Apr 22, 2014",60.765,60.675,60.885,60.635,0,0.28%
"Apr 21, 2014",60.595,60.265,60.615,60.265,0,0.50%
"Apr 18, 2014",60.295,60.295,60.295,60.235,0,0.00%
"Apr 17, 2014",60.295,60.295,60.505,60.27,0,-0.13%
"Apr 16, 2014",60.375,60.305,60.425,60.185,0,0.23%
"Apr 15, 2014",60.235,60.355,60.355,60.205,0,-0.03%
"Apr 14, 2014",60.255,60.255,60.255,60.255,0,0.12%
"Apr 11, 2014",60.18,60.325,60.345,60.14,0,0.17%
"Apr 10, 2014",60.075,60.045,60.295,60.035,0,-0.12%
"Apr 09, 2014",60.145,59.975,60.155,59.825,0,0.09%
"Apr 08, 2014",60.09,60.13,60.15,60.03,0,-0.04%
"Apr 07, 2014",60.115,59.905,60.25,59.765,0,0.05%
"Apr 4, 2014",60.085,60.355,60.398,60.075,0,-0.14%
"Apr 3, 2014",60.17,59.955,60.3,59.835,0,0.44%
"Apr 2, 2014",59.905,59.815,59.915,59.575,0,-0.18%
"Apr 1, 2014",60.015,59.935,60.045,59.935,0,0.00%
"Mar 31, 2014",60.015,59.91,60.02,59.91,0,0.21%
"Mar 28, 2014",59.89,60.19,60.19,59.69,0,-0.59%
"Mar 27, 2014",60.245,60.245,60.355,60.125,0,0.17%
"Mar 26, 2014",60.145,60.305,60.305,60.065,0,-0.56%
"Mar 25, 2014",60.485,60.605,60.605,60.435,0,-0.49%
"Mar 24, 2014",60.78,60.855,60.855,60.645,0,-0.20%
"Mar 21, 2014",60.9,61.195,61.205,60.9,0,-0.72%
"Mar 20, 2014",61.34,61.39,61.39,61.07,0,0.60%
"Mar 19, 2014",60.975,61.085,61.185,60.925,0,-0.23%
"Mar 18, 2014",61.115,61.035,61.215,60.875,0,0.04%
"Mar 17, 2014",61.09,61.13,61.13,61.07,0,-0.19%
"Mar 14, 2014",61.205,61.415,61.555,61.055,0,0.05%
"Mar 13, 2014",61.175,61.025,61.185,60.915,0,-0.07%
"Mar 12, 2014",61.22,60.945,61.295,60.945,0,0.45%
"Mar 11, 2014",60.945,60.885,60.975,60.605,0,0.16%
"Mar 10, 2014",60.845,61.255,61.335,60.79,0,-0.39%
"Mar 07, 2014",61.085,61.015,61.175,60.945,0,-0.05%
"Mar 6, 2014",61.115,61.535,61.535,61.105,0,-1.04%
"Mar 5, 2014",61.755,61.905,61.91,61.65,0,-0.24%
"Mar 4, 2014",61.905,62.135,62.155,61.835,0,-0.23%
"Mar 3, 2014",62.045,61.955,62.09,61.815,0,0.40%
"Feb 28, 2014",61.795,62.105,62.14,61.755,0,-0.32%
"Feb 27, 2014",61.995,61.995,61.995,61.995,0,0.02%
"Feb 26, 2014",61.985,61.965,62.055,61.885,0,0.00%
"Feb 25, 2014",61.985,61.985,62.05,61.86,0,-0.14%
"Feb 24, 2014",62.075,62.105,62.16,61.945,0,-0.10%
"Feb 21, 2014",62.14,62.19,62.19,62.055,0,-0.16%
"Feb 20, 2014",62.24,62.38,62.45,62.213,0,0.00%
"Feb 19, 2014",62.24,62.2,62.24,62.2,0,0.10%
"Feb 18, 2014",62.18,62.02,62.31,61.96,0,0.54%
"Feb 17, 2014",61.845,61.965,62.085,61.825,0,-0.02%
"Feb 14, 2014",61.855,62.245,62.37,61.845,0,-0.91%
"Feb 13, 2014",62.425,62.005,62.465,62.005,0,0.53%
"Feb 12, 2014",62.095,62.105,62.185,62.045,0,-0.21%
"Feb 11, 2014",62.225,62.355,62.455,62.19,0,-0.37%
"Feb 10, 2014",62.455,62.375,62.505,62.09,0,0.24%
"Feb 07, 2014",62.305,62.305,62.415,62.25,0,-0.12%
"Feb 6, 2014",62.38,62.37,62.55,62.36,0,-0.35%
"Feb 5, 2014",62.6,62.39,62.62,62.36,0,0.11%
"Feb 4, 2014",62.53,62.655,62.835,62.487,0,-0.06%
"Feb 3, 2014",62.565,62.705,62.79,62.555,0,-0.19%
"Jan 31, 2014",62.685,62.405,62.755,62.355,0,0.19%
"Jan 30, 2014",62.565,62.905,62.905,62.545,0,0.14%
"Jan 29, 2014",62.475,62.345,62.59,62.115,0,-0.16%
"Jan 28, 2014",62.575,63.195,63.195,62.515,0,-0.84%
"Jan 27, 2014",63.105,62.885,63.325,62.655,0,0.65%
"Jan 24, 2014",62.695,61.945,62.745,61.945,0,1.23%
"Jan 23, 2014",61.933,61.815,62.05,61.815,0,0.18%
"Jan 22, 2014",61.82,61.905,62.025,61.716,0,-0.11%
"Jan 21, 2014",61.885,61.545,61.945,61.455,0,0.42%
"Jan 20, 2014",61.625,61.675,61.675,61.53,0,0.13%
"Jan 17, 2014",61.545,61.485,61.555,61.32,0,0.01%
"Jan 16, 2014",61.54,61.655,61.71,61.51,0,-0.06%
"Jan 15, 2014",61.58,61.67,61.72,61.43,0,0.15%
"Jan 14, 2014",61.49,61.49,61.49,61.49,0,-0.06%
"Jan 13, 2014",61.525,61.605,61.64,61.425,0,-0.62%
"Jan 10, 2014",61.907,62.005,62.005,61.825,0,-0.30%
"Jan 09, 2014",62.095,62.125,62.245,61.975,0,-0.11%
"Jan 08, 2014",62.165,62.215,62.282,62.085,0,-0.22%
"Jan 07, 2014",62.305,62.405,62.475,62.295,0,-0.02%
"Jan 6, 2014",62.315,62.355,62.465,62.225,0,0.20%
"Jan 3, 2014",62.19,62.347,62.565,62.155,0,-0.13%
"Jan 2, 2014",62.27,61.892,62.415,61.755,0,0.58%
"Jan 1, 2014",61.91,61.828,61.995,61.81,0,0.16%
"Dec 31, 2013",61.81,61.802,62.015,61.718,0,-0.18%
"Dec 30, 2013",61.92,61.998,62.17,61.779,0,-0.03%
"Dec 27, 2013",61.94,62.145,62.175,61.845,0,-0.37%
"Dec 26, 2013",62.17,61.78,62.17,61.77,0,0.60%
"Dec 25, 2013",61.8,61.8,61.8,61.8,0,0.07%
"Dec 24, 2013",61.755,61.79,61.975,61.714,0,-0.34%
"Dec 23, 2013",61.963,62.108,62.15,61.79,0,-0.06%
"Dec 20, 2013",62,62.415,62.465,61.93,0,-0.24%
"Dec 19, 2013",62.15,62.01,62.49,62.01,0,0.08%
"Dec 18, 2013",62.1,61.91,62.203,61.79,0,0.13%
"Dec 17, 2013",62.02,61.69,62.04,61.69,0,0.45%
"Dec 16, 2013",61.74,62.06,62.22,61.625,0,-0.73%
"Dec 13, 2013",62.195,62.11,62.297,62.05,0,0.61%
"Dec 12, 2013",61.82,61.61,61.94,61.431,0,0.92%
"Dec 11, 2013",61.255,61.017,61.435,61.017,0,0.34%
"Dec 10, 2013",61.05,60.99,61.305,60.949,0,-0.15%
"Dec 09, 2013",61.14,60.84,61.22,60.84,0,-0.48%
"Dec 06, 2013",61.435,61.645,61.727,61.273,0,-0.53%
"Dec 5, 2013",61.763,61.96,61.96,61.534,0,-0.48%
"Dec 4, 2013",62.06,62.38,62.543,61.912,0,-0.50%
"Dec 3, 2013",62.37,62.315,62.455,62.206,0,0.07%
"Dec 2, 2013",62.325,62.36,62.36,61.921,0,-0.12%
"Nov 29, 2013",62.399,62.315,62.655,62.205,0,0.19%
"Nov 28, 2013",62.282,62.4,62.568,62.27,0,0.21%
"Nov 27, 2013",62.15,62.475,62.475,62.15,0,-0.58%
"Nov 26, 2013",62.51,62.398,62.658,62.198,0,0.00%
"Nov 25, 2013",62.51,62.66,62.7,62.347,0,-0.36%
"Nov 22, 2013",62.733,63.042,63.095,62.733,0,-0.33%
"Nov 21, 2013",62.94,62.51,63.065,62.51,0,0.58%
"Nov 20, 2013",62.58,62.257,62.69,62.245,0,0.34%
"Nov 19, 2013",62.37,62.165,62.39,61.88,0,-0.08%
"Nov 18, 2013",62.42,62.825,62.92,62.38,0,-0.89%
"Nov 15, 2013",62.98,63.1,63.262,62.975,0,-0.22%
"Nov 14, 2013",63.12,63.31,63.35,62.96,0,-0.30%
"Nov 13, 2013",63.31,63.74,63.91,63.212,0,-0.64%
"Nov 12, 2013",63.72,63.25,63.85,63.25,0,0.75%
"Nov 11, 2013",63.245,62.985,63.502,62.92,0,1.22%
"Nov 08, 2013",62.48,62.402,62.834,62.402,0,0.10%
"Nov 07, 2013",62.42,62.35,62.763,62.325,0,0.03%
"Nov 6, 2013",62.4,62.01,62.542,61.825,0,1.24%
"Nov 5, 2013",61.635,61.75,61.96,61.62,0,-0.19%
"Nov 4, 2013",61.75,61.75,61.75,61.75,0,0.00%
"Nov 1, 2013",61.75,61.51,62.025,61.51,0,0.20%
"Oct 31, 2013",61.624,61.275,61.63,61.245,0,0.59%
"Oct 30, 2013",61.26,61.38,61.615,61.09,0,-0.28%
"Oct 29, 2013",61.43,61.535,61.735,61.321,0,-0.02%
"Oct 28, 2013",61.445,61.415,61.605,61.37,0,-0.03%
"Oct 25, 2013",61.465,61.465,61.805,61.37,0,-0.01%
"Oct 24, 2013",61.47,61.6,61.695,61.314,0,-0.26%
"Oct 23, 2013",61.63,61.66,61.727,61.085,0,-0.04%
"Oct 22, 2013",61.655,61.63,61.845,61.535,0,0.12%
"Oct 21, 2013",61.58,61.355,61.595,61.345,0,0.56%
"Oct 18, 2013",61.24,61.2,61.72,60.94,0,0.16%
"Oct 17, 2013",61.14,61.56,61.74,61.14,0,-0.96%
"Oct 16, 2013",61.735,61.765,61.765,61.735,0,-0.17%
"Oct 15, 2013",61.84,61.275,61.95,61.275,0,0.46%
"Oct 14, 2013",61.555,61.155,61.555,61.13,0,0.88%
"Oct 11, 2013",61.02,61.21,61.38,60.96,0,-0.55%
"Oct 10, 2013",61.36,61.83,62.295,61.25,0,-0.84%
"Oct 09, 2013",61.88,62.11,62.31,61.73,0,-0.12%
"Oct 08, 2013",61.955,61.795,61.955,61.625,0,0.26%
"Oct 07, 2013",61.795,61.505,61.955,61.495,0,0.59%
"Oct 4, 2013",61.435,61.855,61.945,61.255,0,-0.49%
"Oct 3, 2013",61.735,62.425,62.425,61.65,0,-1.16%
"Oct 2, 2013",62.46,62.46,62.46,62.46,0,0.00%
"Oct 1, 2013",62.46,62.56,62.57,62.165,0,-0.21%
"Sep 30, 2013",62.59,62.995,63.045,62.505,0,0.12%
"Sep 27, 2013",62.515,62.075,62.575,61.773,0,0.71%
"Sep 26, 2013",62.075,62.435,62.435,61.98,0,-0.59%
"Sep 25, 2013",62.445,62.765,62.885,62.325,0,-0.55%
"Sep 24, 2013",62.79,62.61,62.915,62.45,0,0.30%
"Sep 23, 2013",62.605,62.255,62.725,62.255,0,0.59%
"Sep 20, 2013",62.235,62.045,62.615,61.885,0,0.74%
"Sep 19, 2013",61.775,61.755,62.065,61.65,0,-2.54%
"Sep 18, 2013",63.385,63.305,63.455,63.055,0,0.02%
"Sep 17, 2013",63.375,63.355,63.635,62.955,0,0.86%
"Sep 16, 2013",62.835,62.705,62.885,62.445,0,-0.86%
"Sep 13, 2013",63.38,63.755,64.185,63.36,0,-0.08%
"Sep 12, 2013",63.43,63.265,63.985,62.925,0,0.24%
"Sep 11, 2013",63.275,63.905,64.215,63.005,0,-0.89%
"Sep 10, 2013",63.845,64.405,64.545,63.765,0,-2.15%
"Sep 09, 2013",65.245,65.245,65.245,65.245,0,0.00%
"Sep 06, 2013",65.245,66.005,66.295,65.005,0,-1.17%
"Sep 5, 2013",66.015,67.005,67.005,65.535,0,-1.57%
"Sep 4, 2013",67.07,68.305,68.605,66.815,0,-0.84%
"Sep 3, 2013",67.635,66.295,68.255,66.255,0,2.47%
"Sep 2, 2013",66.005,66.105,66.305,65.685,0,0.46%
"Aug 30, 2013",65.705,67.085,67.435,65.695,0,-1.28%
"Aug 29, 2013",66.555,66.915,67.875,66.515,0,-3.27%
"Aug 28, 2013",68.805,66.905,68.805,66.905,0,3.76%
"Aug 27, 2013",66.31,64.99,66.31,64.99,0,3.13%
"Aug 26, 2013",64.3,63.7,64.73,63.648,0,1.73%
"Aug 23, 2013",63.205,64.325,64.765,63.205,0,-2.09%
"Aug 22, 2013",64.555,64.805,65.565,64.545,0,0.69%
"Aug 21, 2013",64.115,63.125,64.55,63.115,0,1.57%
"Aug 20, 2013",63.125,63.735,64.125,63.125,0,-0.02%
"Aug 19, 2013",63.14,62.36,63.23,62.235,0,2.39%
"Aug 16, 2013",61.665,61.365,62.015,61.335,0,0.39%
"Aug 15, 2013",61.425,61.445,61.529,61.242,0,0.23%
"Aug 14, 2013",61.284,61.19,61.57,61.15,0,-0.09%
"Aug 13, 2013",61.337,61.07,61.67,60.894,0,0.35%
"Aug 12, 2013",61.125,60.495,61.31,60.495,0,0.73%
"Aug 09, 2013",60.68,60.68,60.68,60.68,0,-0.08%
"Aug 08, 2013",60.731,61.19,61.41,60.705,0,-0.78%
"Aug 07, 2013",61.21,61.14,61.471,60.933,0,0.69%
"Aug 6, 2013",60.79,60.882,61.876,60.78,0,-0.12%
"Aug 5, 2013",60.86,61.03,61.03,60.725,0,-0.40%
"Aug 2, 2013",61.105,60.445,61.185,60.445,0,0.89%
"Aug 1, 2013",60.565,60.765,60.915,60.24,0,-0.48%
"Jul 31, 2013",60.855,60.715,61.2,60.36,0,0.07%
"Jul 30, 2013",60.815,59.505,60.845,59.422,0,2.12%
"Jul 29, 2013",59.555,58.955,59.555,58.955,0,0.86%
"Jul 26, 2013",59.046,59.01,59.142,58.706,0,0.14%
"Jul 25, 2013",58.965,59.137,59.385,58.74,0,-0.49%
"Jul 24, 2013",59.255,59.765,59.765,58.96,0,-0.85%
"Jul 23, 2013",59.76,59.725,59.88,59.5,0,0.06%
"Jul 22, 2013",59.725,59.305,59.735,59.285,0,0.65%
"Jul 19, 2013",59.34,59.73,59.87,59.305,0,-0.68%
"Jul 18, 2013",59.745,59.275,59.791,59.255,0,0.70%
"Jul 17, 2013",59.33,59.245,59.585,59.05,0,0.05%
"Jul 16, 2013",59.3,59.19,59.5,59.1,0,-0.86%
"Jul 15, 2013",59.815,59.945,60.09,59.78,0,-0.13%
"Jul 12, 2013",59.891,59.76,60.21,59.56,0,0.10%
"Jul 11, 2013",59.834,59.815,59.99,59.335,0,-0.10%
"Jul 10, 2013",59.895,60.065,60.225,59.65,0,-0.34%
"Jul 09, 2013",60.102,59.81,60.49,59.72,0,-0.98%
"Jul 08, 2013",60.695,60.935,61.225,60.605,0,0.77%
"Jul 05, 2013",60.23,60.195,60.6,60.015,0,0.26%
"Jul 4, 2013",60.075,60.045,60.409,59.915,0,-0.25%
"Jul 3, 2013",60.226,59.875,60.456,59.865,0,1.13%
"Jul 2, 2013",59.555,59.385,59.73,59.185,0,0.29%
"Jul 1, 2013",59.385,59.47,59.603,58.966,0,-0.25%
"Jun 28, 2013",59.533,60.11,60.11,59.21,0,-1.10%
"Jun 27, 2013",60.195,60.625,60.63,60.105,0,-0.86%
"Jun 26, 2013",60.72,59.605,60.765,59.605,0,1.77%
"Jun 25, 2013",59.665,59.765,59.795,59.435,0,-0.25%
"Jun 24, 2013",59.815,59.6,59.84,59.545,0,0.91%
"Jun 21, 2013",59.275,59.525,59.785,59.15,0,-0.50%
"Jun 20, 2013",59.575,59.615,59.98,59.505,0,1.46%
"Jun 19, 2013",58.72,58.765,58.925,58.62,0,-0.21%
"Jun 18, 2013",58.845,58.015,58.885,58.015,0,1.26%
"Jun 17, 2013",58.11,57.7,58.11,57.56,0,1.05%
"Jun 14, 2013",57.505,57.965,57.965,57.41,0,-0.86%
"Jun 13, 2013",58.005,58.115,58.575,57.935,0,0.29%
"Jun 12, 2013",57.835,58.285,58.398,57.735,0,-0.87%
"Jun 11, 2013",58.34,58.11,58.99,58.03,0,0.32%
"Jun 10, 2013",58.155,57.255,58.16,57.162,0,1.91%
"Jun 07, 2013",57.065,56.845,57.135,56.688,0,0.24%
"June 6, 2013",56.93,56.73,57.01,56.69,0,0.13%
"June 5, 2013",56.855,56.45,56.855,56.315,0,0.64%
"June 4, 2013",56.495,56.665,56.75,56.415,0,-0.32%
"June 3, 2013",56.675,56.515,56.84,56.43,0,0.17%
"May 31, 2013",56.58,56.29,56.77,56.29,0,0.35%
"May 30, 2013",56.385,56.205,56.47,56.045,0,0.14%
"May 29, 2013",56.305,56.015,56.415,56.015,0,0.34%
"May 28, 2013",56.115,55.705,56.135,55.645,0,0.98%
"May 27, 2013",55.573,55.755,55.785,55.525,0,-0.44%
"May 24, 2013",55.82,55.65,55.83,55.455,0,0.19%
"May 23, 2013",55.715,55.615,56.025,55.555,0,0.10%
"May 22, 2013",55.66,55.418,55.67,55.31,0,0.41%
"May 21, 2013",55.435,55.115,55.485,54.955,0,0.72%
"May 20, 2013",55.04,55.06,55.145,54.958,0,0.26%
"May 17, 2013",54.895,54.805,55.007,54.79,0,0.20%
"May 16, 2013",54.785,54.765,54.91,54.66,0,0.00%
"May 15, 2013",54.785,54.785,54.915,54.655,0,-0.04%
"May 14, 2013",54.805,54.765,54.84,54.55,0,-0.05%
"May 13, 2013",54.835,54.913,55.035,54.715,0,0.05%
"May 10, 2013",54.81,54.25,54.9,54.25,0,0.82%
"May 09, 2013",54.365,54.165,54.365,54.032,0,0.52%
"May 08, 2013",54.085,54.14,54.22,54.02,0,0.04%
"May 07, 2013",54.065,54.18,54.37,54.035,0,-0.13%
"May 6, 2013",54.135,53.815,54.255,53.785,0,0.60%
"May 3, 2013",53.81,53.83,54.07,53.77,0,-0.05%
"May 2, 2013",53.835,53.745,53.965,53.675,0,0.32%
"May 1, 2013",53.665,53.815,53.815,53.645,0,-0.04%
"Apr 30, 2013",53.685,54.235,54.255,53.655,0,-0.94%
"Apr 29, 2013",54.195,54.413,54.413,54.173,0,-0.34%
"Apr 26, 2013",54.38,54.225,54.445,54.082,0,0.51%
"Apr 25, 2013",54.105,54.285,54.285,54.105,0,-0.29%
"Apr 24, 2013",54.26,54.38,54.38,54.162,0,-0.09%
"Apr 23, 2013",54.31,54.14,54.43,54.09,0,0.18%
"Apr 22, 2013",54.21,53.93,54.25,53.93,0,0.50%
"Apr 19, 2013",53.94,53.96,54.043,53.85,0,-0.17%
"Apr 18, 2013",54.03,54.22,54.258,53.91,0,-0.28%
"Apr 17, 2013",54.18,54.16,54.25,53.77,0,0.39%
"Apr 16, 2013",53.97,54.64,54.64,53.97,0,-1.06%
"Apr 15, 2013",54.55,54.608,54.805,54.38,0,0.06%